frame#,Time (ns),14m,88m,88'm,106m
0,0,0,0,0,0
1,0.1,2.305,0.938,1.982,1.269
2,0.2,2.818,1.346,0.945,1.253
3,0.3,3.251,2.034,1.143,1.417
4,0.4,2.789,2.69,1.534,1.98
5,0.5,2.993,1.53,2.712,2.026
6,0.6,3.869,1.473,3.417,1.741
7,0.7,3.845,1.555,3.339,3.203
8,0.8,4.12,2.898,3.24,3.976
9,0.9,3.755,2.496,3.465,4.097
10,1,3.325,2.757,3.623,3.706
11,1.1,3.692,2.381,3.089,3.529
12,1.2,4.524,2.787,2.982,3.999
13,1.3,4.696,2.539,3.432,4.058
14,1.4,3.711,1.763,3.825,4.292
15,1.5,4.618,2.643,4.078,3.489
16,1.6,3.898,2.663,3.996,3.079
17,1.7,3.539,2.531,3.704,3.359
18,1.8,3.897,2.293,3.794,3.504
19,1.9,4.501,2.843,3.672,3.654
20,2,4.494,2.517,3.045,3.711
21,2.1,4.898,2.413,3.503,3.618
22,2.2,4.9,2.626,3.713,3.644
23,2.3,4.011,1.502,3.685,4.355
24,2.4,5.072,2.001,3.425,4.26
25,2.5,4.994,2.353,2.791,4.788
26,2.6,5.56,1.924,3.298,3.896
27,2.7,5.092,2.936,3.106,3.74
28,2.8,6.855,2.632,3.387,3.836
29,2.9,7.179,2.629,3.492,4.003
30,3,7.29,2.409,3.043,3.975
31,3.1,6.758,2.976,3.357,3.773
32,3.2,7.084,2.332,3.207,3.201
33,3.3,7.129,2.651,3.191,3.506
34,3.4,7.271,2.131,3.083,3.713
35,3.5,7.203,2.173,3.315,3.553
36,3.6,7.609,1.493,3.11,3.818
37,3.7,7.651,2.064,3.225,3.897
38,3.8,7.743,2.542,3.09,4.186
39,3.9,7.412,1.507,3.355,3.32
40,4,7.191,1.517,3.091,3.358
41,4.1,7.272,0.914,3.089,2.966
42,4.2,7.065,1.46,2.982,4.004
43,4.3,7.707,1.544,3.185,3.941
44,4.4,7.393,1.61,3.411,4.021
45,4.5,7.624,2.974,2.788,4.109
46,4.6,7.415,2.422,3.041,3.991
47,4.7,7.368,2.813,3.143,2.74
48,4.8,7.073,2.795,3.019,3.112
49,4.9,7.577,2.929,3.29,4.512
50,5,7.386,2.625,3.172,3.692
51,5.1,6.365,3.042,2.911,3.389
52,5.2,7.268,2.725,2.787,4.28
53,5.3,6.641,2.281,2.966,4.47
54,5.4,7.072,3.114,2.926,3.966
55,5.5,6.904,3.089,3.021,4.237
56,5.6,6.512,2.786,3.102,4.185
57,5.7,6.771,3.097,3.014,4.182
58,5.8,6.787,3.106,2.726,3.804
59,5.9,6.811,3.053,2.454,4.326
60,6,7.071,2.93,2.801,3.958
61,6.1,6.714,2.88,3.089,4.189
62,6.2,7.255,3.589,3.254,2.975
63,6.3,6.758,2.85,2.856,4.308
64,6.4,7.136,2.807,3.396,3.875
65,6.5,7.147,2.817,3.202,3.583
66,6.6,7.16,2.444,3.052,3.336
67,6.7,7.259,2.598,2.991,4.742
68,6.8,7.216,3.573,3.079,3.751
69,6.9,6.918,2.985,3.008,4.627
70,7,7.319,3.122,3.118,4.969
71,7.1,7.515,3.317,3.067,4.975
72,7.2,7.137,2.541,3.128,4.925
73,7.3,7.328,3.202,2.994,3.61
74,7.4,7.652,3.102,2.978,4.435
75,7.5,7.116,3.376,3.076,4.109
76,7.6,7.267,3.191,3.029,4.448
77,7.7,7.494,3.23,2.928,4.296
78,7.8,7.89,2.945,2.696,3.706
79,7.9,7.635,2.927,3.085,4.403
80,8,7.043,3.231,2.926,4.175
81,8.1,7.214,2.983,2.98,3.629
82,8.2,6.994,3.059,3.049,5.006
83,8.3,7.067,2.834,3.184,4.185
84,8.4,7.162,2.842,3.291,4.107
85,8.5,7.275,3.034,3.259,4.163
86,8.6,7.259,3.435,3.001,4.072
87,8.7,7.412,3.114,2.609,4.771
88,8.8,7.079,2.971,3.009,3.732
89,8.9,7.159,2.661,3.469,3.783
90,9,7.121,2.927,3.37,3.809
91,9.1,7.203,2.939,2.845,3.448
92,9.2,7.39,2.845,2.6,3.209
93,9.3,7.195,3.242,2.739,3.804
94,9.4,7.719,2.858,3.081,4.747
95,9.5,6.795,2.761,3.142,3.351
96,9.6,7.217,3.495,3.485,3.305
97,9.7,7.235,2.803,2.824,3.324
98,9.8,6.973,3.426,2.923,3.465
99,9.9,7.391,3.292,2.852,3.765
100,10,7.064,3.038,2.895,4.569
101,10.1,7.111,3.524,2.763,4.454
102,10.2,7.168,3.357,2.789,4.095
103,10.3,7.21,3.158,2.972,3.693
104,10.4,7.191,3.436,2.924,4.504
105,10.5,7.162,3.061,2.665,4.686
106,10.6,7.277,2.663,2.955,4.432
107,10.7,6.826,2.82,2.918,4.812
108,10.8,7.442,3.634,3.161,4.258
109,10.9,7.314,3.562,3.163,4.103
110,11,7.284,3.608,2.96,2.928
111,11.1,6.739,2.854,2.959,4.789
112,11.2,7.241,2.78,2.939,3.749
113,11.3,7.069,3.107,2.977,4.352
114,11.4,7.099,2.937,2.916,3.058
115,11.5,7.268,3.025,3.209,3.536
116,11.6,7.35,3.254,3.292,3.286
117,11.7,7.196,3.02,3.061,4.375
118,11.8,7.254,2.912,2.889,4.293
119,11.9,7.192,2.715,3.191,4.205
120,12,7.268,3.32,3.102,4.122
121,12.1,6.791,2.828,2.9,3.993
122,12.2,7.037,3.131,2.871,4.087
123,12.3,7.097,2.806,2.87,4.801
124,12.4,7.109,2.856,3.142,4.653
125,12.5,6.975,3.033,3.167,4.425
126,12.6,7.388,3.253,3.331,4.51
127,12.7,6.899,3.1,2.837,4.315
128,12.8,7.149,3.557,3.047,4.283
129,12.9,7.204,3.591,3.282,4.776
130,13,7.351,2.839,3.388,4.263
131,13.1,7.084,3.22,2.868,4.713
132,13.2,7.064,3.195,3.156,4.245
133,13.3,7.071,3.135,3.388,4.418
134,13.4,7.494,2.921,3.372,3.295
135,13.5,7.158,3.155,3.005,3.078
136,13.6,7.468,3.255,3.125,4.492
137,13.7,7.098,3.148,3.063,3.93
138,13.8,6.843,3.299,3.073,3.257
139,13.9,6.973,3.133,2.969,3.566
140,14,7.159,3.244,2.705,3.193
141,14.1,7.323,3.302,3.014,3.261
142,14.2,7.131,3.001,3.148,3.007
143,14.3,7.021,3.313,2.753,3.488
144,14.4,6.991,3.479,2.768,3.421
145,14.5,7.004,3.411,3.514,4.364
146,14.6,6.886,3.015,3.256,3.794
147,14.7,7.237,3.058,2.701,3.104
148,14.8,7.393,3.56,3.456,3.033
149,14.9,7.051,3.31,3.362,3.115
150,15,6.787,3.171,2.6,3.025
151,15.1,7.092,3.235,2.915,2.634
152,15.2,7.013,3.156,3.011,2.633
153,15.3,7.052,2.783,3.227,2.937
154,15.4,7.218,3.027,3.234,3.061
155,15.5,7.167,3.266,2.994,3.293
156,15.6,7.343,3.112,3.196,3.566
157,15.7,7.43,3.223,3.042,3.044
158,15.8,7.983,3.101,3.184,3.342
159,15.9,7.765,2.764,3.241,3.183
160,16,7.305,3.184,3.036,3.205
161,16.1,7.639,3.455,2.842,3.12
162,16.2,7.503,3.117,3.023,3.066
163,16.3,7.549,3.15,3.172,3.142
164,16.4,7.46,3.105,3.068,3.012
165,16.5,8.322,3.13,2.945,3.082
166,16.6,7.586,3.348,2.354,3.282
167,16.7,7.556,3.078,2.855,3.06
168,16.8,7.357,3.336,2.96,2.88
169,16.9,7.815,3.107,2.726,3.399
170,17,7.294,3.225,3.496,3.116
171,17.1,7.5,3.361,3.352,3.493
172,17.2,7.426,2.964,3.351,3.301
173,17.3,7.2,3.146,2.635,3.476
174,17.4,7.377,2.933,2.998,3.484
175,17.5,7.588,3.332,2.781,3.315
176,17.6,7.339,3.416,3.086,3.252
177,17.7,8.203,3.273,3.326,3.274
178,17.8,7.243,3.321,3.299,2.978
179,17.9,7.314,2.983,3.539,3.381
180,18,7.214,2.466,3.583,3.238
181,18.1,7.424,2.934,3.62,3.402
182,18.2,7.023,3.431,3.154,3.537
183,18.3,6.85,2.857,2.824,3.763
184,18.4,6.932,3.287,3.147,3.879
185,18.5,7.301,2.747,3.24,3.873
186,18.6,6.969,3.252,3.283,4.011
187,18.7,6.589,3.164,2.347,3.752
188,18.8,6.476,2.931,3.221,3.343
189,18.9,7.457,3.116,2.92,4.264
190,19,7.462,2.955,3.083,4.363
191,19.1,7.3,2.948,2.816,3.918
192,19.2,7.064,3.399,3.548,3.994
193,19.3,7.164,3.001,3.027,3.635
194,19.4,7.021,2.926,2.93,3.468
195,19.5,7.277,2.427,2.853,3.381
196,19.6,7.279,2.874,2.964,3.587
197,19.7,7.126,2.952,2.892,3.268
198,19.8,6.961,3.03,3.004,3.777
199,19.9,7.775,2.934,2.713,3.824
200,20,7.367,3.043,2.877,3.655
201,20.1,7.04,2.729,2.999,3.146
202,20.2,6.96,3.394,3.059,3.632
203,20.3,7.1,3.317,3.174,3.943
204,20.4,6.943,3.309,2.653,3.96
205,20.5,7.038,2.931,2.767,4.366
206,20.6,7.007,2.883,3.11,4.448
207,20.7,7.244,3.117,2.796,4.425
208,20.8,7.573,2.809,3.039,4.331
209,20.9,7.002,3.085,3.032,4.306
210,21,7.414,3.176,3.029,3.763
211,21.1,7.421,3.061,3.233,4.299
212,21.2,7.312,3.232,2.847,4.807
213,21.3,7.284,3.416,3.147,4.764
214,21.4,7.084,2.477,2.932,4.92
215,21.5,7.234,3.517,2.903,4.529
216,21.6,7.277,2.96,2.934,4.354
217,21.7,7.012,2.908,3.288,5.124
218,21.8,7.204,3.303,3.051,5.101
219,21.9,6.909,2.82,2.796,4.723
220,22,7.069,3.066,3.151,4.804
221,22.1,7.214,2.812,3.209,4.925
222,22.2,6.851,3.437,3.217,5.097
223,22.3,7.054,3.033,3.391,4.369
224,22.4,7.383,3.083,3.182,4.948
225,22.5,7.111,3.203,3.43,4.842
226,22.6,6.858,3.168,2.904,4.126
227,22.7,7.386,3.122,3.122,4.34
228,22.8,7.268,3.278,2.973,5.16
229,22.9,7.061,3.12,2.694,4.941
230,23,6.778,2.754,3.601,4.063
231,23.1,7.615,3.311,3.206,4.615
232,23.2,7.888,2.921,3.205,3.536
233,23.3,7.238,2.864,3.351,4.804
234,23.4,7.39,3.051,3.531,5.065
235,23.5,7.094,2.967,3.017,3.959
236,23.6,7.444,2.819,2.971,2.907
237,23.7,7.16,3.136,3.242,3.258
238,23.8,6.934,2.996,3.067,4.315
239,23.9,6.876,2.965,3.258,4.171
240,24,6.836,2.832,3.197,4.329
241,24.1,7.338,3.177,3.454,3.293
242,24.2,7.225,3.207,3.607,3.109
243,24.3,7.498,3.275,3.209,3.414
244,24.4,7.063,2.73,2.978,4.479
245,24.5,7.491,3.271,2.919,4.517
246,24.6,7.156,3.123,3.158,4.449
247,24.7,7.105,2.974,3.391,4.291
248,24.8,6.975,3.124,2.781,4.866
249,24.9,7.12,2.844,3.122,4.695
250,25,7.571,2.847,3.079,4.246
251,25.1,7.52,2.853,2.985,4.663
252,25.2,7.408,3.166,3.613,4.923
253,25.3,7.552,3.419,2.957,5.1
254,25.4,6.977,2.904,2.861,5.055
255,25.5,7.05,2.72,2.933,4.57
256,25.6,7.257,2.659,3.306,4.281
257,25.7,7.358,3.146,3.152,4.059
258,25.8,7.307,3.055,3.14,4.559
259,25.9,7.349,3.106,3.194,4.612
260,26,7.138,3.173,2.997,4.513
261,26.1,7.298,2.793,2.932,4.255
262,26.2,7.309,2.671,3.013,4.662
263,26.3,7.396,3.038,3.287,4.048
264,26.4,7.103,3.329,3.221,4.37
265,26.5,7.584,3.166,2.998,4.701
266,26.6,7.451,2.88,3.512,4.554
267,26.7,7.548,3.108,3.252,3.548
268,26.8,7.586,2.697,2.782,4.273
269,26.9,7.921,3.557,3.287,3.795
270,27,7.006,2.575,3.34,3.969
271,27.1,7.328,2.537,3.07,4.001
272,27.2,7.467,3.556,3.449,4.201
273,27.3,7.315,3.109,3.345,4.344
274,27.4,7.377,2.902,3.619,4.387
275,27.5,7.324,2.881,3.324,4.607
276,27.6,7.107,3.24,3.27,4.307
277,27.7,7.33,3.412,2.951,4.501
278,27.8,7.208,3.489,2.863,4.01
279,27.9,7.271,3.384,3.231,4.543
280,28,7.089,2.833,3.583,3.922
281,28.1,7.36,3.345,3.254,4.194
282,28.2,7.567,3.223,3.235,4.259
283,28.3,6.668,3.229,2.93,4.21
284,28.4,7.102,2.918,3.333,4.121
285,28.5,7.304,3.045,3.561,4.162
286,28.6,7.438,3.905,3.387,4.366
287,28.7,7.765,3.256,3.108,4.462
288,28.8,7.51,2.624,3.266,4.255
289,28.9,7.486,3.115,3.354,4.187
290,29,7.458,2.921,3.632,4.168
291,29.1,7.08,3.012,3.476,3.592
292,29.2,7.457,3.343,2.893,4.156
293,29.3,7.167,2.728,3.559,3.837
294,29.4,7.008,2.383,3.227,4.227
295,29.5,7.575,2.988,3.111,4.166
296,29.6,7.318,2.855,3.198,4.078
297,29.7,6.966,3.225,3.692,3.703
298,29.8,7.42,2.809,3.225,3.911
299,29.9,6.989,3.04,2.743,3.666
300,30,7.38,3.297,3.187,3.754
301,30.1,7.378,2.638,3.318,3.882
302,30.2,7.527,3.121,3.258,3.456
303,30.3,7.136,3.428,3.038,3.98
304,30.4,7.111,3.402,3.273,3.956
305,30.5,7.359,3.098,3.314,3.846
306,30.6,7.305,3.175,3.244,3.819
307,30.7,7.152,2.449,3.16,3.817
308,30.8,7.026,2.759,3.243,3.992
309,30.9,7.126,3.424,3.262,4.395
310,31,7.526,2.875,3.229,4.179
311,31.1,7.375,2.7,3.165,3.938
312,31.2,7.635,3.053,2.792,3.689
313,31.3,7.243,2.257,2.953,4.424
314,31.4,7.289,2.698,3.196,4.182
315,31.5,7.49,2.88,3.32,4.613
316,31.6,7.174,2.963,3.111,4.647
317,31.7,7.08,2.91,3.486,4.511
318,31.8,7.235,3.297,3.544,4.176
319,31.9,7.187,3.209,3.051,4.132
320,32,7.51,3.131,3.462,4.797
321,32.1,7.002,3.401,3.226,4.267
322,32.2,7.149,3.033,3.271,4.143
323,32.3,7.24,3.282,3.449,4.559
324,32.4,7.586,3.132,2.72,4.624
325,32.5,7.45,3.087,2.946,4.474
326,32.6,7.32,2.841,3.045,4.792
327,32.7,7.298,3.122,2.932,4.212
328,32.8,7.092,3.044,3.16,4.21
329,32.9,6.889,3.072,3.037,4.518
330,33,6.881,3.256,3.387,4.671
331,33.1,7.116,3.378,3.115,4.259
332,33.2,7.457,3.479,3.384,4.804
333,33.3,7.291,3.061,3.21,4.586
334,33.4,7.479,2.879,3.198,4.312
335,33.5,7.135,3.176,3.16,4.74
336,33.6,7.556,2.354,2.853,4.761
337,33.7,7.506,3.237,3.057,4.245
338,33.8,6.989,3.161,3.174,4.066
339,33.9,6.763,3.006,3.559,4.49
340,34,7.035,3.167,3.53,4.429
341,34.1,6.96,2.947,3.627,4.219
342,34.2,7.018,3.245,3.335,4.917
343,34.3,7.221,3.642,3.477,4.448
344,34.4,7.238,3.259,3.049,3.52
345,34.5,7.459,3.1,2.88,4.824
346,34.6,7.346,3.188,3.24,4.438
347,34.7,6.768,3.045,3.025,4.879
348,34.8,7.192,3.304,3.019,4.262
349,34.9,7.1,3.259,3.205,3.648
350,35,7.204,3.284,2.99,3.918
351,35.1,6.431,3.236,3.165,4.578
352,35.2,7.687,2.883,3.561,3.934
353,35.3,7.55,3.201,3.504,4.415
354,35.4,7.315,3.517,2.968,3.972
355,35.5,7.016,2.639,3.124,4.894
356,35.6,7.18,3.11,2.962,4.322
357,35.7,6.988,2.941,2.826,3.866
358,35.8,6.965,3.156,2.76,3.887
359,35.9,7.426,2.67,3.039,4.484
360,36,7.441,3.298,2.779,4.449
361,36.1,7.391,2.695,2.772,4.584
362,36.2,7.169,3.073,2.883,4.817
363,36.3,7.457,2.477,3.494,3.967
364,36.4,7.007,2.811,2.873,4.709
365,36.5,7.129,2.937,3.068,4.328
366,36.6,6.895,2.966,3.252,4.004
367,36.7,7.293,2.945,3.45,4.459
368,36.8,7.402,3.006,2.599,4.547
369,36.9,6.587,3.181,3.011,4.207
370,37,7.048,2.981,2.898,4.198
371,37.1,7.275,2.886,3.396,4.06
372,37.2,7.044,2.82,3.079,4.094
373,37.3,6.732,3.33,3.273,2.924
374,37.4,7.028,3.083,3.372,2.901
375,37.5,7.261,3.043,3.048,3.037
376,37.6,7.091,2.766,2.946,3.072
377,37.7,7.648,3.054,2.832,2.992
378,37.8,7.201,3.235,3.231,4.297
379,37.9,7.046,3.256,2.976,3.449
380,38,6.883,2.741,2.414,4.405
381,38.1,6.996,2.588,3.425,4.422
382,38.2,7.032,2.686,3.002,4.326
383,38.3,6.404,2.991,3.187,4.391
384,38.4,6.664,2.965,3.48,3.863
385,38.5,7.622,3.297,3.387,4.445
386,38.6,7.508,2.607,3.08,4.008
387,38.7,7.532,2.996,3.31,4.139
388,38.8,6.765,3.044,3.273,4.099
389,38.9,6.704,3.192,3.187,4.234
390,39,7.312,3.125,2.898,4.523
391,39.1,7.165,2.793,3.02,4.051
392,39.2,7.771,2.87,3.442,3.828
393,39.3,7.911,3.034,3.507,3.863
394,39.4,7.615,3.28,3.471,4.321
395,39.5,7.782,2.859,3.271,4.383
396,39.6,7.413,2.703,3.153,4.419
397,39.7,7.367,3.103,3.278,3.267
398,39.8,7.735,2.966,3.165,2.926
399,39.9,7.506,2.741,3.182,2.863
400,40,7.757,2.892,2.932,2.808
401,40.1,7.568,2.946,3.067,3.059
402,40.2,7.656,2.83,3,2.836
403,40.3,7.789,3.15,3.343,2.891
404,40.4,7.969,3.036,3.621,2.717
405,40.5,7.669,2.691,2.828,2.98
406,40.6,8.131,2.848,3.006,3.318
407,40.7,8.054,2.864,3.205,3.033
408,40.8,8.334,3.045,3.02,4.158
409,40.9,7.702,2.817,2.931,3.489
410,41,8.079,2.771,3.294,3.182
411,41.1,7.887,2.767,3.101,2.841
412,41.2,7.532,2.85,2.975,3.091
413,41.3,7.327,2.886,2.908,3.147
414,41.4,8,2.931,3.637,2.765
415,41.5,8.038,2.684,3.376,3.107
416,41.6,7.819,2.586,3.053,2.753
417,41.7,8.003,2.695,3.227,3.05
418,41.8,7.767,2.502,3.451,2.792
419,41.9,7.915,2.811,2.851,2.8
420,42,7.979,2.734,3.142,2.649
421,42.1,8.006,2.976,3.1,2.843
422,42.2,8.082,3.014,3.484,3.105
423,42.3,8.153,2.962,3.357,3.369
424,42.4,7.919,3.041,3.335,4.123
425,42.5,7.644,2.752,3.07,3.033
426,42.6,7.85,2.995,3.179,2.796
427,42.7,7.888,3.058,3.009,2.599
428,42.8,7.92,3.083,2.888,4.462
429,42.9,7.671,3.056,3.175,4.201
430,43,7.831,3.018,3.554,4.133
431,43.1,7.996,2.939,3.299,4.206
432,43.2,7.442,2.825,3.101,4.226
433,43.3,7.704,2.993,3.076,4.338
434,43.4,7.691,3.181,2.915,4.508
435,43.5,7.646,3.822,2.829,4.503
436,43.6,7.423,2.854,3.233,2.885
437,43.7,7.669,2.732,2.921,2.904
438,43.8,7.676,2.778,3.07,4.439
439,43.9,7.657,3.208,2.806,3.098
440,44,7.895,3.279,2.949,3.197
441,44.1,7.792,3.074,3.017,4.899
442,44.2,8.095,3.203,2.837,3.195
443,44.3,7.973,3.301,3.061,4.299
444,44.4,8.012,3.149,3.376,3.037
445,44.5,7.73,3.448,3.43,2.958
446,44.6,7.823,3.162,3.536,2.845
447,44.7,7.86,3.431,3.821,3.062
448,44.8,8.172,3.761,3.404,3.093
449,44.9,8.113,2.556,3.436,3.758
450,45,8.393,3.231,2.946,4.328
451,45.1,8.186,3.276,3.76,4.355
452,45.2,8.076,3.14,3.222,3.831
453,45.3,7.887,3.266,3.205,3.983
454,45.4,7.766,3.201,3.378,3.674
455,45.5,7.906,3.047,3.437,2.941
456,45.6,7.752,3.099,3.363,2.947
457,45.7,7.742,3.093,3.302,3.228
458,45.8,7.699,3.183,3.41,3.003
459,45.9,8.01,2.999,3.165,3.05
460,46,7.991,2.999,2.908,2.948
461,46.1,7.754,3.168,3.256,4.956
462,46.2,7.776,3.072,3.312,4.408
463,46.3,7.508,2.308,3.432,4.499
464,46.4,7.82,2.99,3.422,4.351
465,46.5,8.062,2.657,3.385,4.377
466,46.6,8.07,3.123,3.074,4.517
467,46.7,7.479,2.869,3.142,4.309
468,46.8,7.906,3.615,3.574,4.37
469,46.9,7.789,1.721,2.675,4.229
470,47,7.929,1.404,3.306,4.214
471,47.1,7.808,1.282,3.305,4.337
472,47.2,7.819,1.938,3.349,2.966
473,47.3,7.787,1.562,2.8,2.964
474,47.4,7.942,1.546,3.729,3.025
475,47.5,7.97,1.421,3.293,2.924
476,47.6,7.829,1.475,2.435,2.871
477,47.7,8.039,1.422,3.155,2.934
478,47.8,7.733,1.361,3.484,2.961
479,47.9,7.906,1.563,3.182,2.925
480,48,7.743,2.035,2.729,2.979
481,48.1,7.92,1.406,2.917,3.337
482,48.2,7.972,1.607,3.375,2.791
483,48.3,7.623,1.582,2.972,2.766
484,48.4,8.003,2.815,3.638,2.992
485,48.5,8.112,1.782,3.285,3.045
486,48.6,7.771,2.221,3.159,4.551
487,48.7,7.814,2.253,3.403,4.329
488,48.8,8.24,2.403,3.72,4.411
489,48.9,7.51,2.25,3.316,4.283
490,49,7.76,1.748,3.609,3.822
491,49.1,7.828,1.413,3.255,3.918
492,49.2,7.827,1.828,3.187,4.591
493,49.3,7.806,2.096,3.249,4.34
494,49.4,7.797,1.861,3.241,4.411
495,49.5,7.843,1.777,3.276,4.016
496,49.6,7.636,2.1,3.598,4.162
497,49.7,7.587,2.246,3.324,4.267
498,49.8,7.474,2.286,3.306,4.11
499,49.9,7.674,1.891,3.07,4.123
500,50,7.632,2.061,2.698,2.687
501,50.1,7.718,2.549,2.908,3.336
502,50.2,7.601,2.418,2.925,4.217
503,50.3,7.923,2.277,2.912,4.033
504,50.4,7.779,1.755,3.497,4.226
505,50.5,7.514,2.614,3.202,4.35
506,50.6,7.686,1.705,3.037,3.847
507,50.7,7.766,1.618,3.453,4.237
508,50.8,7.467,1.552,3.385,4.026
509,50.9,8.15,1.42,3.347,4.25
510,51,8.054,1.536,3.252,4.234
511,51.1,8.083,1.563,3.18,4.132
512,51.2,7.894,1.496,3.768,4.117
513,51.3,8.13,1.638,2.966,4.178
514,51.4,7.856,2.482,3.347,4.321
515,51.5,7.309,2.63,2.845,4.134
516,51.6,7.647,1.552,3.519,4.005
517,51.7,7.593,2.381,3.392,4.287
518,51.8,7.675,2.4,3.072,4.25
519,51.9,7.584,1.991,3.617,4.285
520,52,7.638,2.024,3.348,3.865
521,52.1,8.038,1.641,3.315,2.931
522,52.2,7.935,1.514,3.74,3.967
523,52.3,7.625,1.362,3.465,4.143
524,52.4,7.863,1.2,3.034,4.033
525,52.5,7.8,1.202,3.322,4.023
526,52.6,7.959,1.26,3.304,4.26
527,52.7,7.922,1.412,3.397,4.286
528,52.8,7.887,1.346,3.418,3.957
529,52.9,7.672,1.137,3.631,4.313
530,53,7.877,1.323,3.235,4.439
531,53.1,8.037,1.543,3.107,4.108
532,53.2,7.869,1.812,3.573,4.245
533,53.3,7.97,1.857,2.859,3.214
534,53.4,7.548,2.315,3.036,4.29
535,53.5,7.682,2.393,3.324,2.824
536,53.6,7.509,2.486,3.184,3.126
537,53.7,7.95,2.395,3.164,3.205
538,53.8,7.973,2.646,2.946,3.09
539,53.9,7.903,2.187,2.984,4.094
540,54,8.289,2.154,3.129,3.417
541,54.1,7.987,2.611,3.359,2.819
542,54.2,8.053,2.317,3.119,2.757
543,54.3,7.86,2.401,3.157,3.391
544,54.4,7.645,2.469,2.805,4.094
545,54.5,7.599,2.12,3.224,2.682
546,54.6,7.823,2.624,3.178,3.893
547,54.7,7.729,2.407,3.188,4.183
548,54.8,7.705,2.547,3.282,3.981
549,54.9,7.828,1.651,3.056,3.138
550,55,7.73,1.66,3.544,4.039
551,55.1,7.882,1.667,2.997,3.751
552,55.2,7.731,2.325,3.573,4.439
553,55.3,7.589,2.448,3.359,4.196
554,55.4,7.935,2.465,3.202,4.325
555,55.5,7.958,2.591,2.878,4.372
556,55.6,7.765,1.987,3.485,4.205
557,55.7,8.219,1.845,2.98,4.078
558,55.8,8.08,1.951,3.43,4.512
559,55.9,8.167,0.957,3.537,3.467
560,56,7.589,1.137,3.337,4.415
561,56.1,8.003,1.037,3.487,4.001
562,56.2,7.83,1.245,3.076,4.188
563,56.3,7.711,1.307,3.434,4.109
564,56.4,7.852,0.958,3.324,3.986
565,56.5,8.113,1.404,3.115,4.454
566,56.6,8.103,1.091,3.497,4.02
567,56.7,7.822,1.258,3.018,4.201
568,56.8,8.145,1.069,3.012,4.052
569,56.9,7.932,1.079,3.557,4.073
570,57,7.933,1.399,3.082,4.469
571,57.1,8.022,0.965,3.24,4.117
572,57.2,8.036,1.123,3.406,3.85
573,57.3,7.901,1.192,2.98,4.108
574,57.4,7.572,1.163,3.166,4.356
575,57.5,7.928,1.311,3.502,3.763
576,57.6,7.645,1.113,3.037,4.191
577,57.7,7.824,1.209,2.975,4.23
578,57.8,8.036,1.742,3.128,4.427
579,57.9,7.887,1.625,3.085,4.009
580,58,7.782,1.816,3.133,3.896
581,58.1,7.913,1.685,3.084,3.964
582,58.2,7.742,1.777,3.07,4.099
583,58.3,8.117,1.587,3.474,3.747
584,58.4,7.65,1.974,3.022,3.267
585,58.5,7.486,1.763,2.833,2.954
586,58.6,7.436,1.64,3.083,2.794
587,58.7,7.824,1.687,3.019,3.379
588,58.8,7.761,1.723,2.952,3.181
589,58.9,7.752,1.072,3.431,2.852
590,59,7.825,1.019,2.912,2.966
591,59.1,7.437,1.217,3.1,2.388
592,59.2,7.553,1.12,2.994,2.844
593,59.3,7.73,1.142,3.205,2.92
594,59.4,7.566,1.193,3.112,3.466
595,59.5,7.366,1.385,3.022,2.724
596,59.6,7.514,1.364,2.97,3.25
597,59.7,7.601,1.162,2.965,3.137
598,59.8,7.689,1.062,2.827,2.56
599,59.9,7.454,1.066,3.003,4.068
600,60,7.521,1.017,3.179,4.036
601,60.1,7.503,1.1,3.98,4.203
602,60.2,7.366,1.201,3.259,3.958
603,60.3,7.679,1.173,3.654,4.147
604,60.4,7.729,1.05,3.048,3.946
605,60.5,7.734,1.057,3.428,4.298
606,60.6,7.525,0.976,3.259,4.135
607,60.7,7.631,1.436,3.003,3.361
608,60.8,7.654,1.126,3.129,4.043
609,60.9,7.693,1.318,3.536,4.245
610,61,7.463,1.129,3.397,3.993
611,61.1,7.479,0.947,3.433,4.01
612,61.2,7.601,1.344,3.403,3.946
613,61.3,7.609,0.921,3.17,3.908
614,61.4,7.628,1.168,3.188,3.937
615,61.5,7.902,1.38,3.434,4.341
616,61.6,7.674,1.309,3.575,4.513
617,61.7,7.55,1.197,3.232,4.209
618,61.8,7.799,1.305,3.624,4.179
619,61.9,7.845,1.496,3.578,3.117
620,62,7.51,1.05,3.246,3.31
621,62.1,7.701,1.322,3.308,4.067
622,62.2,7.368,1.169,3.233,4.23
623,62.3,7.444,0.873,3.639,4.26
624,62.4,7.333,0.9,3.054,4.032
625,62.5,7.561,0.754,3.684,3.956
626,62.6,7.627,0.98,3.588,3.595
627,62.7,7.729,1.023,3.359,4.248
628,62.8,7.637,1.199,3.458,4.303
629,62.9,7.598,0.812,2.956,4.178
630,63,7.26,0.701,3.063,4.356
631,63.1,7.733,1.016,3.397,3.976
632,63.2,7.757,1.223,3.329,4.083
633,63.3,7.657,0.981,3.261,4.065
634,63.4,7.749,1.188,3.13,3.966
635,63.5,7.785,1.137,3.336,4.111
636,63.6,7.738,1.107,3.213,3.979
637,63.7,7.969,1.291,3.731,4.206
638,63.8,7.663,1.051,3.483,4.266
639,63.9,7.769,0.911,3.139,3.922
640,64,7.724,1.401,3.399,2.839
641,64.1,7.671,0.911,3.402,4.241
642,64.2,7.701,1.196,3.307,3.938
643,64.3,7.549,1.232,3.058,4.302
644,64.4,7.819,1.292,3.072,3.965
645,64.5,7.914,1.333,3.272,4.267
646,64.6,7.751,1.262,3.561,2.552
647,64.7,7.753,0.921,3.117,2.38
648,64.8,7.746,1.434,2.926,2.63
649,64.9,7.685,1.799,2.269,3.819
650,65,7.799,2.151,2.471,2.538
651,65.1,7.956,2.158,2.524,3.839
652,65.2,7.997,1.817,2.26,3.616
653,65.3,7.871,1.489,2.955,4.092
654,65.4,8.043,1.747,2.58,3.532
655,65.5,7.751,1.363,2.452,3.559
656,65.6,7.666,1.529,2.569,3.92
657,65.7,7.715,1.841,2.35,4.083
658,65.8,7.569,1.121,2.522,3.986
659,65.9,7.906,1.315,2.941,3.74
660,66,7.971,1.406,2.888,3.032
661,66.1,7.911,1.219,2.862,2.101
662,66.2,7.939,1.431,2.871,4.437
663,66.3,7.619,1.421,3.316,3.992
664,66.4,7.576,1.789,2.685,3.735
665,66.5,7.742,1.178,3.344,4.595
666,66.6,7.783,1.171,2.641,4.378
667,66.7,7.834,1.086,2.956,3.778
668,66.8,7.987,1.344,3.333,4.416
669,66.9,7.605,1.429,3.565,4.171
670,67,8.036,1.501,3.422,4.394
671,67.1,7.807,1.4,3.208,4.234
672,67.2,8.114,1.484,3.454,4.022
673,67.3,7.841,1.332,3.481,3.901
674,67.4,7.985,1.326,2.973,4.05
675,67.5,7.872,1.451,3.37,3.886
676,67.6,8.101,2.232,2.954,4.467
677,67.7,8.098,1.842,3.394,3.02
678,67.8,8.253,1.883,3.083,2.824
679,67.9,8.42,1.652,2.949,2.286
680,68,8.313,1.16,3.368,2.196
681,68.1,8.334,1.284,3.3,2.437
682,68.2,8.333,1.143,3.524,2.152
683,68.3,8.401,1.293,3.656,2.253
684,68.4,8.24,1.34,2.908,2.223
685,68.5,7.929,0.97,3.043,2.228
686,68.6,7.899,1.263,3.34,2.185
687,68.7,8.025,1.38,3.272,2.151
688,68.8,8.222,1.441,3.13,1.961
689,68.9,8.345,1.339,3.504,2.38
690,69,8.155,1.246,3.214,2.14
691,69.1,7.602,1.184,3.768,2.029
692,69.2,7.996,1.141,3.402,2.459
693,69.3,7.83,1.986,3.266,2.339
694,69.4,7.964,2.334,3.121,2.209
695,69.5,7.883,2.323,3.27,2.364
696,69.6,7.656,2.149,3.207,2.308
697,69.7,8.059,1.144,2.928,2.597
698,69.8,7.877,1.226,3.053,2.2
699,69.9,7.998,1.184,3.668,1.91
700,70,8.159,1.243,3.451,2.269
701,70.1,7.619,1.124,3.136,2.371
702,70.2,7.881,1.305,3.603,2.219
703,70.3,7.943,1.352,3.644,2.246
704,70.4,7.634,1.131,2.735,2.295
705,70.5,7.815,0.92,2.925,1.913
706,70.6,8.008,1.085,3.02,2.03
707,70.7,7.835,1.458,3.365,2.052
708,70.8,7.793,1.374,3.434,2.194
709,70.9,7.682,1.081,3.632,2.454
710,71,7.756,1.386,3.631,2.398
711,71.1,7.791,1.258,3.633,2.088
712,71.2,7.736,1.576,3.858,2.111
713,71.3,7.899,1.345,3.503,2.042
714,71.4,7.831,1.366,3.387,2.213
715,71.5,7.729,1.632,3.168,2.028
716,71.6,7.747,1.111,3.694,2.053
717,71.7,7.361,1.162,2.973,2.711
718,71.8,7.96,1.449,3.264,2.442
719,71.9,7.934,1.259,3.344,2.854
720,72,7.736,1.154,3.122,2.632
721,72.1,7.595,1.245,3.036,2.464
722,72.2,8.052,1.487,3.027,2.574
723,72.3,7.816,1.967,3.191,2.776
724,72.4,7.952,2.127,3.217,2.56
725,72.5,7.622,1.443,3.106,2.613
726,72.6,7.715,1.616,3.05,2.79
727,72.7,7.418,1.345,3.17,3.073
728,72.8,8.093,1.23,3.282,2.66
729,72.9,7.806,1.27,3.358,2.817
730,73,7.997,1.153,2.897,2.795
731,73.1,7.984,1.245,3.552,2.867
732,73.2,7.771,1.271,2.946,2.845
733,73.3,7.616,1.212,2.995,2.665
734,73.4,7.857,1.315,3.484,2.485
735,73.5,7.579,1.294,3.544,3.184
736,73.6,7.7,1.206,3.384,2.646
737,73.7,7.428,1.29,3.413,2.826
738,73.8,7.908,1.488,3.335,3.11
739,73.9,7.454,1.22,3.392,2.882
740,74,8.115,1.382,3.139,2.665
741,74.1,7.699,1.273,3.147,2.923
742,74.2,7.769,1.138,2.86,3.279
743,74.3,7.777,1.196,2.836,2.929
744,74.4,7.888,1.474,3.278,2.979
745,74.5,7.924,1.206,2.939,2.993
746,74.6,7.779,1.367,3.081,3.154
747,74.7,7.513,1.317,2.96,3.105
748,74.8,7.821,1.544,2.5,3.144
749,74.9,7.614,1.425,2.757,2.85
750,75,7.937,1.43,3.075,3.168
751,75.1,7.43,1.191,2.952,3.104
752,75.2,7.904,1.145,3.254,2.998
753,75.3,7.832,1.419,2.332,3.014
754,75.4,7.918,1.508,2.223,3.195
755,75.5,7.603,1.078,3.186,3.358
756,75.6,7.638,1.174,3.641,3.379
757,75.7,7.683,1.228,3.404,2.997
758,75.8,7.977,1.378,3.544,3.098
759,75.9,7.881,1.461,2.843,2.717
760,76,7.62,1.431,3.341,2.744
761,76.1,7.797,1.401,3.241,2.791
762,76.2,7.638,1.507,3.057,2.653
763,76.3,7.778,1.339,3.391,2.586
764,76.4,8.011,1.441,3.175,2.999
765,76.5,8.223,1.011,3.263,2.876
766,76.6,7.889,1.291,3.374,2.908
767,76.7,7.702,1.214,3.666,2.617
768,76.8,7.766,1.277,3.294,2.732
769,76.9,7.883,1.226,3.267,2.532
770,77,8.035,1.302,3.245,2.514
771,77.1,7.848,1.279,3.093,2.275
772,77.2,8.112,1.145,3.257,2.024
773,77.3,8.054,1.163,3.54,2.244
774,77.4,7.94,1.434,3.442,2.257
775,77.5,7.944,1.24,3.097,2.155
776,77.6,8.277,1.333,3.306,2.166
777,77.7,8.408,1.078,3.595,2.433
778,77.8,8.087,1.362,3.322,2.364
779,77.9,8.26,1.184,3.605,2.956
780,78,8.061,1.449,3.703,2.715
781,78.1,8.105,1.443,3.246,2.61
782,78.2,7.872,1.06,3.376,2.553
783,78.3,7.599,1.223,3.338,2.493
784,78.4,7.83,1.511,3.467,2.531
785,78.5,7.853,1.387,3.359,2.686
786,78.6,7.997,1.577,3.34,2.664
787,78.7,7.808,1.248,3.295,2.828
788,78.8,8.038,1.383,3.476,2.657
789,78.9,7.661,1.465,3.115,2.646
790,79,7.908,1.292,3.26,2.691
791,79.1,7.77,1.317,2.937,2.288
792,79.2,7.803,1.38,3.598,1.962
793,79.3,7.823,1.462,3.363,2.345
794,79.4,8.196,1.472,3.182,2.306
795,79.5,7.73,1.454,2.781,2.441
796,79.6,8.182,1.582,3.013,2.338
797,79.7,7.987,1.548,3.364,2.262
798,79.8,8.225,1.375,3.311,2.262
799,79.9,7.988,1.471,3.4,2.181
800,80,7.805,1.237,2.958,2.254
801,80.1,7.791,1.874,3.347,2.12
802,80.2,8.209,1.387,3.256,2.447
803,80.3,7.665,1.242,3.133,2.955
804,80.4,7.834,1.147,3.116,2.477
805,80.5,7.838,1.359,2.964,2.601
806,80.6,8.036,1.526,3.254,2.614
807,80.7,7.987,1.309,3.497,2.31
808,80.8,8.232,1.39,3.218,2.681
809,80.9,8.148,1.523,2.913,2.702
810,81,8.077,1.678,3.198,2.887
811,81.1,7.437,1.461,3.091,2.584
812,81.2,7.37,1.924,3.322,2.455
813,81.3,7.506,1.944,3.208,2.301
814,81.4,7.733,1.538,3.146,2.502
815,81.5,7.528,1.557,3.144,2.655
816,81.6,7.64,1.724,2.912,2.597
817,81.7,7.659,1.786,3.094,2.878
818,81.8,7.435,1.683,3.439,2.651
819,81.9,7.577,1.452,3.785,2.459
820,82,7.565,1.578,3.293,2.744
821,82.1,7.691,1.309,3.207,2.474
822,82.2,7.611,1.58,3.139,2.753
823,82.3,7.761,1.517,3.548,2.579
824,82.4,8.038,1.32,3.121,2.802
825,82.5,7.991,1.467,3.394,2.781
826,82.6,7.816,1.211,2.935,2.431
827,82.7,8.104,1.27,3.457,2.553
828,82.8,7.777,1.357,3.509,2.744
829,82.9,7.82,1.505,3.202,2.919
830,83,7.8,1.513,3.22,2.693
831,83.1,7.507,1.198,3.194,3.007
832,83.2,7.611,1.616,3.692,2.557
833,83.3,7.498,1.382,3.166,2.833
834,83.4,7.67,1.443,2.533,2.804
835,83.5,7.819,1.481,3.157,2.507
836,83.6,7.663,1.077,3.426,2.407
837,83.7,7.755,1.304,3.233,2.86
838,83.8,7.952,1.208,3.409,2.9
839,83.9,7.698,1.603,2.945,2.496
840,84,7.755,1.119,3.297,2.605
841,84.1,7.595,1.514,3.301,2.507
842,84.2,7.848,1.231,2.893,2.747
843,84.3,7.736,1.145,3.437,2.744
844,84.4,7.43,1.429,3.26,2.744
845,84.5,7.584,1.358,3.491,2.243
846,84.6,7.338,1.287,3.027,2.392
847,84.7,7.696,1.283,3.05,2.594
848,84.8,7.391,1.328,2.816,2.586
849,84.9,7.735,1.584,3.063,2.453
850,85,7.892,1.552,3.36,2.83
851,85.1,7.762,1.33,3.312,2.586
852,85.2,7.71,1.536,2.882,2.507
853,85.3,7.788,1.345,2.992,2.645
854,85.4,7.605,1.285,2.999,2.876
855,85.5,7.561,1.531,3.483,2.413
856,85.6,7.791,1.266,3.203,2.207
857,85.7,7.862,1.273,2.909,2.707
858,85.8,7.612,1.555,3.206,2.603
859,85.9,7.809,1.138,3.6,2.999
860,86,7.659,1.656,3.304,2.851
861,86.1,7.695,1.261,3.313,2.766
862,86.2,7.967,1.333,3.109,2.668
863,86.3,7.673,1.121,3.33,2.402
864,86.4,7.886,1.3,3.444,2.479
865,86.5,7.457,1.257,3.265,2.536
866,86.6,8.144,1.338,2.784,2.51
867,86.7,7.822,1.081,3.684,2.536
868,86.8,7.74,1.259,3.279,2.471
869,86.9,7.682,1.075,3.342,2.61
870,87,7.589,1.192,3.334,2.367
871,87.1,8.164,1.462,3.111,2.466
872,87.2,7.944,1.259,3.244,2.645
873,87.3,7.742,1.178,3.677,2.73
874,87.4,7.459,1.197,3.184,2.855
875,87.5,7.729,1.181,2.994,2.343
876,87.6,7.699,1.141,3.547,2.439
877,87.7,7.716,1.254,3.403,2.644
878,87.8,8.101,1.495,2.874,2.523
879,87.9,7.72,1.188,2.908,2.596
880,88,7.744,1.342,3.147,2.561
881,88.1,7.671,1.242,3.178,2.643
882,88.2,7.301,1.453,2.844,2.679
883,88.3,7.654,1.178,3.299,2.818
884,88.4,8.008,1.225,2.912,2.706
885,88.5,7.674,1.229,3.442,2.784
886,88.6,7.45,1.491,3.798,2.417
887,88.7,8.061,1.178,3.159,2.518
888,88.8,7.545,1.152,3.113,2.192
889,88.9,7.39,1.475,2.922,2.442
890,89,7.581,1.268,3.111,2.591
891,89.1,7.56,1.225,3.172,3.005
892,89.2,7.887,1.386,3.296,2.51
893,89.3,7.8,1.102,3.125,2.771
894,89.4,8.127,1.09,3.431,2.306
895,89.5,7.699,1.157,3.337,2.799
896,89.6,8.057,1.502,3.078,2.576
897,89.7,7.677,1.356,3.751,2.964
898,89.8,7.608,1.39,3.427,2.485
899,89.9,7.625,1.16,3.507,2.777
900,90,7.865,1.528,3.223,2.622
901,90.1,7.913,1.306,3.242,2.679
902,90.2,8.086,1.263,3.205,2.748
903,90.3,7.903,1.354,3.932,2.814
904,90.4,7.555,1.388,3.157,2.567
905,90.5,7.612,1.269,3.338,2.689
906,90.6,7.423,1.508,3.278,2.696
907,90.7,7.766,1.168,3.449,2.635
908,90.8,7.734,1.292,3.316,2.869
909,90.9,7.614,1.016,3.266,2.669
910,91,7.603,1.289,2.966,2.902
911,91.1,7.879,1.325,3.413,2.635
912,91.2,7.367,1.466,3.027,2.791
913,91.3,7.6,1.295,3.201,2.611
914,91.4,7.423,0.974,3.4,3.042
915,91.5,7.555,1.128,2.993,3.236
916,91.6,7.703,0.865,3.335,2.828
917,91.7,7.568,1.319,3.291,3.21
918,91.8,8.222,1.468,3.42,2.692
919,91.9,7.958,1.203,3.175,2.78
920,92,7.757,0.971,3.522,2.599
921,92.1,8.128,1.617,3.405,2.769
922,92.2,7.723,1.275,3.073,2.913
923,92.3,7.885,1.44,3.609,2.864
924,92.4,8.077,1.651,3.619,2.634
925,92.5,7.823,1.448,3.214,2.967
926,92.6,7.47,1.458,3.521,2.767
927,92.7,7.991,1.057,3.681,2.509
928,92.8,7.728,1.162,3.565,2.614
929,92.9,7.852,1.315,3.109,2.366
930,93,7.607,1.308,2.904,2.944
931,93.1,7.651,1.181,3.034,2.84
932,93.2,7.542,1.181,3.484,2.723
933,93.3,7.797,1.362,3.337,2.499
934,93.4,7.521,1.043,3.652,2.817
935,93.5,7.739,2.199,3.478,2.957
936,93.6,7.602,1.33,3.217,2.578
937,93.7,7.728,1.382,3.331,2.761
938,93.8,7.588,1.2,3.575,2.782
939,93.9,7.674,1.419,2.745,2.836
940,94,7.751,1.424,2.995,2.911
941,94.1,8.177,1.176,3.321,3.09
942,94.2,7.924,1.175,3.162,2.79
943,94.3,7.727,1.076,2.973,2.773
944,94.4,7.979,1.111,3.085,3.043
945,94.5,7.941,1.496,2.96,2.729
946,94.6,8.06,1.741,2.972,2.619
947,94.7,7.913,1.439,3.114,2.573
948,94.8,7.89,1.56,3.209,2.295
949,94.9,7.909,1.489,3.227,2.713
950,95,7.704,1.377,3.507,2.559
951,95.1,7.715,1.28,3.371,2.535
952,95.2,7.815,1.168,3.043,2.175
953,95.3,7.72,1.388,3.735,2.91
954,95.4,7.819,1.433,3.009,2.904
955,95.5,7.576,1.6,3.311,2.411
956,95.6,7.764,1.09,3.236,2.733
957,95.7,7.881,1.346,3.071,2.19
958,95.8,7.899,1.417,3.587,2.397
959,95.9,7.641,1.213,2.937,2.272
960,96,7.841,1.374,3.48,2.426
961,96.1,7.808,1.198,3.266,2.486
962,96.2,7.845,1.571,3.152,2.751
963,96.3,7.655,1.241,3.1,2.681
964,96.4,7.581,1.247,3.014,2.414
965,96.5,7.64,1.378,2.939,2.669
966,96.6,8.066,1.187,3.223,3.066
967,96.7,7.703,1.328,3.42,2.928
968,96.8,8.095,1.501,3.068,2.807
969,96.9,7.673,1.208,3.271,2.918
970,97,7.694,1.395,2.714,2.321
971,97.1,7.847,1.458,3.073,2.524
972,97.2,7.86,1.061,2.701,2.661
973,97.3,7.797,1.316,3.022,2.516
974,97.4,7.754,1.638,2.885,2.837
975,97.5,7.893,1.332,3.176,2.466
976,97.6,7.796,1.42,3.322,2.305
977,97.7,7.599,1.664,3.359,3.122
978,97.8,7.924,1.922,3.224,2.428
979,97.9,7.777,1.262,3.263,2.837
980,98,7.382,1.446,2.914,2.343
981,98.1,7.801,1.74,3.082,2.777
982,98.2,7.413,1.156,2.792,2.948
983,98.3,7.528,1.232,3.324,3.131
984,98.4,7.729,1.322,3.217,2.561
985,98.5,7.304,1.337,3.351,3.048
986,98.6,7.48,1.782,3.487,3.127
987,98.7,7.557,1.42,3.215,3.121
988,98.8,8.208,1.204,2.91,3.705
989,98.9,7.592,1.136,2.787,3.489
990,99,7.628,1.306,2.354,3.792
991,99.1,7.936,1.272,2.31,2.917
992,99.2,7.64,1.226,2.152,2.607
993,99.3,7.708,0.821,3.3,2.794
994,99.4,7.671,1.12,3.164,2.707
995,99.5,7.827,1.404,3.408,2.606
996,99.6,8.385,1.535,3.235,2.679
997,99.7,7.66,1.434,2.241,3.037
998,99.8,7.573,1.141,2.452,2.774
999,99.9,7.462,1.429,2.602,3.052
1000,100,7.547,1.325,3.014,2.885
,101,,1.078,,2.655
