frame#,Time (ns),14wt,88wt,88'wt,106wt,14mt,88mt,88'mt,106mt
0,0,0,0,0,0,0,0,0,0
1,0.1,1.489,2.081,0.945,0.444,2.305,0.938,1.982,1.269
2,0.2,1.22,1.074,1.115,0.69,2.818,1.346,0.945,1.253
3,0.3,1.387,1.647,1.082,1.002,3.251,2.034,1.143,1.417
4,0.4,1.127,1.224,1.736,1.813,2.789,2.69,1.534,1.98
5,0.5,1.59,1.163,1.612,1.657,2.993,1.53,2.712,2.026
6,0.6,1.006,1.387,1.66,1.767,3.869,1.473,3.417,1.741
7,0.7,1.345,1.719,1.85,1.856,3.845,1.555,3.339,3.203
8,0.8,1.226,1.206,1.559,1.602,4.12,2.898,3.24,3.976
9,0.9,1.234,1.085,1.425,2.482,3.755,2.496,3.465,4.097
10,1,1.621,1.087,1.801,2.417,3.325,2.757,3.623,3.706
11,1.1,1.502,1.41,1.304,2.54,3.692,2.381,3.089,3.529
12,1.2,1.329,1.212,1.56,2.76,4.524,2.787,2.982,3.999
13,1.3,1.175,1.588,1.467,2.898,4.696,2.539,3.432,4.058
14,1.4,1.223,1.323,1.863,2.571,3.711,1.763,3.825,4.292
15,1.5,1.124,1.767,1.901,2.506,4.618,2.643,4.078,3.489
16,1.6,1.205,2.454,1.687,2.442,3.898,2.663,3.996,3.079
17,1.7,1.28,1.254,2.343,2.247,3.539,2.531,3.704,3.359
18,1.8,1.381,1.852,1.624,2.694,3.897,2.293,3.794,3.504
19,1.9,1.41,1.643,2.203,2.614,4.501,2.843,3.672,3.654
20,2,1.857,1.187,2.716,2.7,4.494,2.517,3.045,3.711
21,2.1,1.38,0.835,2.04,2.403,4.898,2.413,3.503,3.618
22,2.2,1.364,0.946,2.46,2.351,4.9,2.626,3.713,3.644
23,2.3,1.388,1.185,2.488,2.554,4.011,1.502,3.685,4.355
24,2.4,1.547,1.017,2.563,2.555,5.072,2.001,3.425,4.26
25,2.5,1.553,1.282,2.691,2.862,4.994,2.353,2.791,4.788
26,2.6,1.42,1.472,2.311,2.56,5.56,1.924,3.298,3.896
27,2.7,1.381,1.12,2.557,2.687,5.092,2.936,3.106,3.74
28,2.8,1.348,0.994,2.171,2.71,6.855,2.632,3.387,3.836
29,2.9,1.575,0.886,2.434,2.728,7.179,2.629,3.492,4.003
30,3,1.466,1.844,2.74,2.813,7.29,2.409,3.043,3.975
31,3.1,1.388,2.899,2.486,2.897,6.758,2.976,3.357,3.773
32,3.2,1.481,2.979,2.267,2.651,7.084,2.332,3.207,3.201
33,3.3,1.685,2.792,2.085,2.813,7.129,2.651,3.191,3.506
34,3.4,1.98,2.591,2.646,2.414,7.271,2.131,3.083,3.713
35,3.5,1.41,2.743,2.602,2.811,7.203,2.173,3.315,3.553
36,3.6,1.444,2.5,2.039,3.051,7.609,1.493,3.11,3.818
37,3.7,1.736,1.624,2.087,2.758,7.651,2.064,3.225,3.897
38,3.8,1.279,2.866,1.892,2.785,7.743,2.542,3.09,4.186
39,3.9,1.742,2.038,1.712,2.902,7.412,1.507,3.355,3.32
40,4,1.312,1.423,1.906,3.164,7.191,1.517,3.091,3.358
41,4.1,1.721,1.483,1.632,2.993,7.272,0.914,3.089,2.966
42,4.2,1.409,1.673,2.047,3.101,7.065,1.46,2.982,4.004
43,4.3,1.677,1.64,1.666,3.197,7.707,1.544,3.185,3.941
44,4.4,1.674,1.079,1.805,2.963,7.393,1.61,3.411,4.021
45,4.5,1.787,1.365,1.74,2.823,7.624,2.974,2.788,4.109
46,4.6,1.831,1.99,1.944,2.698,7.415,2.422,3.041,3.991
47,4.7,1.932,2.582,1.621,2.699,7.368,2.813,3.143,2.74
48,4.8,1.938,1.878,1.841,3.523,7.073,2.795,3.019,3.112
49,4.9,1.817,2.278,1.743,3.395,7.577,2.929,3.29,4.512
50,5,1.476,2.332,1.801,3.314,7.386,2.625,3.172,3.692
51,5.1,1.732,2.921,1.907,3.305,6.365,3.042,2.911,3.389
52,5.2,1.843,2.475,1.938,2.905,7.268,2.725,2.787,4.28
53,5.3,1.822,2.739,1.771,2.876,6.641,2.281,2.966,4.47
54,5.4,1.761,2.645,1.909,2.722,7.072,3.114,2.926,3.966
55,5.5,1.592,2.896,2.141,3.01,6.904,3.089,3.021,4.237
56,5.6,2.266,2.866,1.821,3.154,6.512,2.786,3.102,4.185
57,5.7,1.91,3.46,1.876,3.017,6.771,3.097,3.014,4.182
58,5.8,1.697,3.37,1.701,3.095,6.787,3.106,2.726,3.804
59,5.9,1.901,3.532,1.827,3.085,6.811,3.053,2.454,4.326
60,6,1.674,3.155,1.843,2.943,7.071,2.93,2.801,3.958
61,6.1,1.833,2.03,1.495,3.01,6.714,2.88,3.089,4.189
62,6.2,1.795,3.183,1.823,3.051,7.255,3.589,3.254,2.975
63,6.3,1.879,3.313,1.725,3.319,6.758,2.85,2.856,4.308
64,6.4,2.111,3.326,1.993,3.134,7.136,2.807,3.396,3.875
65,6.5,1.674,3.054,1.922,2.822,7.147,2.817,3.202,3.583
66,6.6,1.669,3.269,2.003,3.024,7.16,2.444,3.052,3.336
67,6.7,1.667,2.856,2.12,2.948,7.259,2.598,2.991,4.742
68,6.8,1.886,3.088,1.894,3.024,7.216,3.573,3.079,3.751
69,6.9,1.928,3.214,2.006,3.038,6.918,2.985,3.008,4.627
70,7,1.762,2.525,1.847,2.637,7.319,3.122,3.118,4.969
71,7.1,1.814,3.046,2.157,2.907,7.515,3.317,3.067,4.975
72,7.2,2.009,3.037,2.093,3.171,7.137,2.541,3.128,4.925
73,7.3,1.91,2.926,2.026,2.72,7.328,3.202,2.994,3.61
74,7.4,1.796,3.65,2.115,2.758,7.652,3.102,2.978,4.435
75,7.5,1.939,3.566,1.702,2.82,7.116,3.376,3.076,4.109
76,7.6,1.664,3.042,2.1,2.646,7.267,3.191,3.029,4.448
77,7.7,1.55,3.249,1.847,2.798,7.494,3.23,2.928,4.296
78,7.8,2.138,3.79,1.853,3.112,7.89,2.945,2.696,3.706
79,7.9,2.117,2.887,1.845,3.145,7.635,2.927,3.085,4.403
80,8,2.041,3.472,1.582,3.232,7.043,3.231,2.926,4.175
81,8.1,1.82,3.026,1.764,3.184,7.214,2.983,2.98,3.629
82,8.2,1.748,2.962,1.733,2.885,6.994,3.059,3.049,5.006
83,8.3,1.868,3.314,1.841,2.907,7.067,2.834,3.184,4.185
84,8.4,1.677,2.91,1.756,3.058,7.162,2.842,3.291,4.107
85,8.5,1.97,3.157,2.038,2.779,7.275,3.034,3.259,4.163
86,8.6,1.967,3.217,1.363,2.895,7.259,3.435,3.001,4.072
87,8.7,1.853,3.46,2.233,3.009,7.412,3.114,2.609,4.771
88,8.8,2.082,3.402,1.648,3.061,7.079,2.971,3.009,3.732
89,8.9,2.088,3.513,1.644,3.254,7.159,2.661,3.469,3.783
90,9,1.707,2.444,1.6,2.767,7.121,2.927,3.37,3.809
91,9.1,1.995,3.167,1.613,3.057,7.203,2.939,2.845,3.448
92,9.2,1.699,3.739,1.601,2.851,7.39,2.845,2.6,3.209
93,9.3,1.935,3.306,1.804,3.03,7.195,3.242,2.739,3.804
94,9.4,1.575,2.909,1.592,3.012,7.719,2.858,3.081,4.747
95,9.5,1.743,3.613,1.888,3.018,6.795,2.761,3.142,3.351
96,9.6,1.918,3.352,1.26,3.033,7.217,3.495,3.485,3.305
97,9.7,1.75,3.722,1.396,3.076,7.235,2.803,2.824,3.324
98,9.8,1.635,3.791,1.626,2.336,6.973,3.426,2.923,3.465
99,9.9,1.619,3.748,1.645,3.107,7.391,3.292,2.852,3.765
100,10,1.74,2.831,2.008,3.37,7.064,3.038,2.895,4.569
101,10.1,1.973,3.302,2.123,2.323,7.111,3.524,2.763,4.454
102,10.2,1.86,3.278,1.583,2.933,7.168,3.357,2.789,4.095
103,10.3,2.031,2.838,1.718,3.22,7.21,3.158,2.972,3.693
104,10.4,2.18,3.012,1.415,2.902,7.191,3.436,2.924,4.504
105,10.5,1.771,3.044,1.325,2.804,7.162,3.061,2.665,4.686
106,10.6,1.593,2.957,1.792,2.625,7.277,2.663,2.955,4.432
107,10.7,1.744,3.203,1.405,2.752,6.826,2.82,2.918,4.812
108,10.8,1.95,3.197,1.794,2.91,7.442,3.634,3.161,4.258
109,10.9,2.035,2.95,2.332,2.793,7.314,3.562,3.163,4.103
110,11,1.649,2.71,2.131,2.544,7.284,3.608,2.96,2.928
111,11.1,1.756,3.023,2.476,3.315,6.739,2.854,2.959,4.789
112,11.2,1.595,2.781,2.107,2.707,7.241,2.78,2.939,3.749
113,11.3,1.571,3.103,2.386,2.498,7.069,3.107,2.977,4.352
114,11.4,2.031,3.291,2.483,2.711,7.099,2.937,2.916,3.058
115,11.5,2.063,3.029,2.059,2.956,7.268,3.025,3.209,3.536
116,11.6,1.482,3.061,2.257,2.88,7.35,3.254,3.292,3.286
117,11.7,1.597,2.641,2.22,2.942,7.196,3.02,3.061,4.375
118,11.8,1.384,3.065,2.755,2.455,7.254,2.912,2.889,4.293
119,11.9,1.581,3.34,2.389,2.868,7.192,2.715,3.191,4.205
120,12,1.743,3.062,2.813,3.185,7.268,3.32,3.102,4.122
121,12.1,1.956,2.791,2.783,3.054,6.791,2.828,2.9,3.993
122,12.2,1.723,2.991,2.444,2.856,7.037,3.131,2.871,4.087
123,12.3,1.683,2.848,2.349,3.016,7.097,2.806,2.87,4.801
124,12.4,1.528,2.942,2.377,2.575,7.109,2.856,3.142,4.653
125,12.5,1.86,3.183,2.295,2.715,6.975,3.033,3.167,4.425
126,12.6,1.712,3.056,2.349,3.081,7.388,3.253,3.331,4.51
127,12.7,1.772,2.87,2.483,2.821,6.899,3.1,2.837,4.315
128,12.8,1.89,3.267,2.585,2.778,7.149,3.557,3.047,4.283
129,12.9,1.764,3.477,2.309,2.799,7.204,3.591,3.282,4.776
130,13,1.84,2.775,2.615,3.048,7.351,2.839,3.388,4.263
131,13.1,1.775,3.108,2.314,2.775,7.084,3.22,2.868,4.713
132,13.2,1.827,2.917,2.342,2.576,7.064,3.195,3.156,4.245
133,13.3,1.651,2.802,2.314,2.69,7.071,3.135,3.388,4.418
134,13.4,1.997,2.656,2.462,2.765,7.494,2.921,3.372,3.295
135,13.5,1.624,2.711,2.399,2.886,7.158,3.155,3.005,3.078
136,13.6,1.93,2.784,2.229,2.661,7.468,3.255,3.125,4.492
137,13.7,1.716,2.387,2.422,2.81,7.098,3.148,3.063,3.93
138,13.8,1.801,2.598,2.435,2.654,6.843,3.299,3.073,3.257
139,13.9,1.853,2.895,2.218,2.933,6.973,3.133,2.969,3.566
140,14,1.906,2.94,2.155,3.017,7.159,3.244,2.705,3.193
141,14.1,1.496,3.291,2.693,3.057,7.323,3.302,3.014,3.261
142,14.2,1.787,2.761,2.478,3.009,7.131,3.001,3.148,3.007
143,14.3,1.097,3.076,2.498,2.988,7.021,3.313,2.753,3.488
144,14.4,1.613,3.195,2.405,3.2,6.991,3.479,2.768,3.421
145,14.5,1.629,2.754,2.429,2.851,7.004,3.411,3.514,4.364
146,14.6,1.413,2.666,2.406,3.033,6.886,3.015,3.256,3.794
147,14.7,1.706,3.347,2.469,2.884,7.237,3.058,2.701,3.104
148,14.8,1.688,2.94,2.838,3.209,7.393,3.56,3.456,3.033
149,14.9,1.527,3.188,2.628,2.846,7.051,3.31,3.362,3.115
150,15,1.586,3.407,2.32,3.324,6.787,3.171,2.6,3.025
151,15.1,1.734,2.466,2.035,2.983,7.092,3.235,2.915,2.634
152,15.2,1.611,3.61,2.446,2.995,7.013,3.156,3.011,2.633
153,15.3,1.507,2.904,2.384,2.997,7.052,2.783,3.227,2.937
154,15.4,1.429,2.934,2.527,2.954,7.218,3.027,3.234,3.061
155,15.5,1.647,2.79,2.337,2.9,7.167,3.266,2.994,3.293
156,15.6,1.291,2.938,2.33,2.602,7.343,3.112,3.196,3.566
157,15.7,1.625,3.033,2.144,2.684,7.43,3.223,3.042,3.044
158,15.8,1.481,2.884,2.118,2.915,7.983,3.101,3.184,3.342
159,15.9,1.755,2.604,2.179,2.997,7.765,2.764,3.241,3.183
160,16,1.845,2.542,2.328,2.804,7.305,3.184,3.036,3.205
161,16.1,1.975,2.858,2.049,2.839,7.639,3.455,2.842,3.12
162,16.2,1.658,3.026,2.314,3.056,7.503,3.117,3.023,3.066
163,16.3,1.703,2.821,2.192,2.881,7.549,3.15,3.172,3.142
164,16.4,1.842,3.179,2.477,2.638,7.46,3.105,3.068,3.012
165,16.5,1.977,3.19,2.28,3.132,8.322,3.13,2.945,3.082
166,16.6,1.651,3.524,2.167,2.691,7.586,3.348,2.354,3.282
167,16.7,2.009,3.196,2.158,3.109,7.556,3.078,2.855,3.06
168,16.8,2.007,3.481,1.767,2.816,7.357,3.336,2.96,2.88
169,16.9,1.695,3.389,2.314,3.078,7.815,3.107,2.726,3.399
170,17,2.136,3.117,1.385,3.462,7.294,3.225,3.496,3.116
171,17.1,1.773,3.265,2.333,2.871,7.5,3.361,3.352,3.493
172,17.2,1.847,3.203,1.936,3.139,7.426,2.964,3.351,3.301
173,17.3,2.066,2.468,1.934,2.696,7.2,3.146,2.635,3.476
174,17.4,2.067,2.855,2.218,2.552,7.377,2.933,2.998,3.484
175,17.5,1.68,2.725,1.826,3.127,7.588,3.332,2.781,3.315
176,17.6,1.922,3.08,1.357,2.709,7.339,3.416,3.086,3.252
177,17.7,1.818,3.115,1.826,2.81,8.203,3.273,3.326,3.274
178,17.8,1.498,2.918,1.438,2.942,7.243,3.321,3.299,2.978
179,17.9,1.41,3.131,1.724,2.705,7.314,2.983,3.539,3.381
180,18,1.637,2.937,1.981,2.943,7.214,2.466,3.583,3.238
181,18.1,1.731,3.504,1.767,2.846,7.424,2.934,3.62,3.402
182,18.2,1.365,3.226,1.797,2.882,7.023,3.431,3.154,3.537
183,18.3,1.563,3.345,1.84,3.149,6.85,2.857,2.824,3.763
184,18.4,1.53,3.243,2.02,3.159,6.932,3.287,3.147,3.879
185,18.5,1.554,3.016,1.401,3.143,7.301,2.747,3.24,3.873
186,18.6,1.623,3.152,2.085,3.423,6.969,3.252,3.283,4.011
187,18.7,1.731,3.125,1.79,3.129,6.589,3.164,2.347,3.752
188,18.8,1.584,3.28,1.936,3.007,6.476,2.931,3.221,3.343
189,18.9,1.692,3.691,2.147,3.066,7.457,3.116,2.92,4.264
190,19,1.487,3.332,1.842,3.17,7.462,2.955,3.083,4.363
191,19.1,1.532,3.301,1.812,2.815,7.3,2.948,2.816,3.918
192,19.2,1.696,3.628,1.958,2.82,7.064,3.399,3.548,3.994
193,19.3,1.798,3.319,1.658,3.192,7.164,3.001,3.027,3.635
194,19.4,1.895,3.202,1.896,3.198,7.021,2.926,2.93,3.468
195,19.5,1.739,2.381,1.963,3.271,7.277,2.427,2.853,3.381
196,19.6,1.689,2.642,2.324,3.075,7.279,2.874,2.964,3.587
197,19.7,1.92,2.958,1.766,3.158,7.126,2.952,2.892,3.268
198,19.8,1.966,2.929,1.801,2.705,6.961,3.03,3.004,3.777
199,19.9,1.515,3.449,1.822,2.594,7.775,2.934,2.713,3.824
200,20,1.776,3.464,1.857,3.02,7.367,3.043,2.877,3.655
201,20.1,1.649,3.265,1.659,2.922,7.04,2.729,2.999,3.146
202,20.2,1.686,3.148,1.991,2.804,6.96,3.394,3.059,3.632
203,20.3,1.719,3.383,2.028,2.794,7.1,3.317,3.174,3.943
204,20.4,1.635,3.233,2.153,2.853,6.943,3.309,2.653,3.96
205,20.5,1.824,3.388,2.563,2.769,7.038,2.931,2.767,4.366
206,20.6,2.098,3.307,2.16,2.443,7.007,2.883,3.11,4.448
207,20.7,1.831,3.241,2.048,2.411,7.244,3.117,2.796,4.425
208,20.8,1.565,2.901,2.446,2.698,7.573,2.809,3.039,4.331
209,20.9,2.017,2.737,2.425,2.74,7.002,3.085,3.032,4.306
210,21,1.555,2.781,1.966,2.788,7.414,3.176,3.029,3.763
211,21.1,1.664,3.236,2.099,2.982,7.421,3.061,3.233,4.299
212,21.2,1.707,2.807,2.093,2.689,7.312,3.232,2.847,4.807
213,21.3,1.713,3.296,2.373,2.666,7.284,3.416,3.147,4.764
214,21.4,1.764,3.071,1.9,2.678,7.084,2.477,2.932,4.92
215,21.5,2.001,2.968,1.798,2.8,7.234,3.517,2.903,4.529
216,21.6,1.89,3.246,2.445,2.557,7.277,2.96,2.934,4.354
217,21.7,2.092,3.576,2.292,2.405,7.012,2.908,3.288,5.124
218,21.8,1.69,3.393,2.161,2.381,7.204,3.303,3.051,5.101
219,21.9,1.425,3.453,2.113,2.22,6.909,2.82,2.796,4.723
220,22,1.686,2.719,2.452,2.289,7.069,3.066,3.151,4.804
221,22.1,1.475,2.435,2.01,2.568,7.214,2.812,3.209,4.925
222,22.2,2.093,2.833,2.386,2.535,6.851,3.437,3.217,5.097
223,22.3,1.87,3.069,2.368,2.648,7.054,3.033,3.391,4.369
224,22.4,1.304,2.591,1.566,2.798,7.383,3.083,3.182,4.948
225,22.5,1.819,2.955,2.197,2.353,7.111,3.203,3.43,4.842
226,22.6,1.625,2.974,1.927,3,6.858,3.168,2.904,4.126
227,22.7,1.53,2.467,2.16,2.65,7.386,3.122,3.122,4.34
228,22.8,1.687,2.576,2.323,2.735,7.268,3.278,2.973,5.16
229,22.9,1.468,2.646,2.008,2.681,7.061,3.12,2.694,4.941
230,23,1.616,2.881,1.652,2.5,6.778,2.754,3.601,4.063
231,23.1,1.674,3.072,2.344,2.081,7.615,3.311,3.206,4.615
232,23.2,1.779,3.418,2.029,2.898,7.888,2.921,3.205,3.536
233,23.3,1.671,2.834,1.889,2.561,7.238,2.864,3.351,4.804
234,23.4,1.851,2.741,2.283,2.596,7.39,3.051,3.531,5.065
235,23.5,1.814,3.156,1.891,2.494,7.094,2.967,3.017,3.959
236,23.6,1.785,3.262,2.154,2.787,7.444,2.819,2.971,2.907
237,23.7,2.027,3.085,1.764,2.714,7.16,3.136,3.242,3.258
238,23.8,1.692,3.173,2.024,2.736,6.934,2.996,3.067,4.315
239,23.9,1.838,3.155,2.066,2.55,6.876,2.965,3.258,4.171
240,24,1.662,3.055,1.76,2.704,6.836,2.832,3.197,4.329
241,24.1,1.787,3.263,1.753,2.699,7.338,3.177,3.454,3.293
242,24.2,2.001,3.466,1.873,2.568,7.225,3.207,3.607,3.109
243,24.3,1.568,3.112,2.15,2.49,7.498,3.275,3.209,3.414
244,24.4,1.553,2.849,2.085,2.24,7.063,2.73,2.978,4.479
245,24.5,1.551,2.785,2.068,2.637,7.491,3.271,2.919,4.517
246,24.6,1.36,2.81,1.882,2.287,7.156,3.123,3.158,4.449
247,24.7,1.589,2.574,2.044,2.762,7.105,2.974,3.391,4.291
248,24.8,1.601,3.154,2.292,2.329,6.975,3.124,2.781,4.866
249,24.9,1.922,2.657,2.26,2.784,7.12,2.844,3.122,4.695
250,25,1.728,2.879,1.975,2.633,7.571,2.847,3.079,4.246
251,25.1,1.724,2.572,2.211,2.915,7.52,2.853,2.985,4.663
252,25.2,1.799,3.02,2.785,2.71,7.408,3.166,3.613,4.923
253,25.3,1.609,2.786,2.547,2.609,7.552,3.419,2.957,5.1
254,25.4,1.601,2.815,2.076,2.36,6.977,2.904,2.861,5.055
255,25.5,1.477,3.134,2.335,2.31,7.05,2.72,2.933,4.57
256,25.6,1.871,2.952,2.508,2.435,7.257,2.659,3.306,4.281
257,25.7,1.763,2.584,2.321,2.643,7.358,3.146,3.152,4.059
258,25.8,1.872,2.618,2.502,2.69,7.307,3.055,3.14,4.559
259,25.9,1.641,2.97,2.603,2.214,7.349,3.106,3.194,4.612
260,26,1.793,2.36,2.322,2.98,7.138,3.173,2.997,4.513
261,26.1,1.535,2.532,2.23,2.543,7.298,2.793,2.932,4.255
262,26.2,1.917,2.644,2.384,2.602,7.309,2.671,3.013,4.662
263,26.3,1.971,2.372,2.15,2.621,7.396,3.038,3.287,4.048
264,26.4,1.724,3.124,2.82,2.836,7.103,3.329,3.221,4.37
265,26.5,1.987,2.596,2.409,2.215,7.584,3.166,2.998,4.701
266,26.6,2.161,2.653,2.09,2.53,7.451,2.88,3.512,4.554
267,26.7,1.554,2.729,2.18,2.743,7.548,3.108,3.252,3.548
268,26.8,1.977,2.275,2.511,2.238,7.586,2.697,2.782,4.273
269,26.9,1.973,2.442,2.45,2.41,7.921,3.557,3.287,3.795
270,27,1.927,3.026,2.349,2.583,7.006,2.575,3.34,3.969
271,27.1,2.531,2.386,2.323,2.295,7.328,2.537,3.07,4.001
272,27.2,2.09,2.676,2.564,2.298,7.467,3.556,3.449,4.201
273,27.3,2.749,3.065,2.375,2.544,7.315,3.109,3.345,4.344
274,27.4,2.495,3.156,2.245,2.109,7.377,2.902,3.619,4.387
275,27.5,2.639,2.937,2.146,2.683,7.324,2.881,3.324,4.607
276,27.6,2.384,2.574,2.371,2.533,7.107,3.24,3.27,4.307
277,27.7,2.546,2.931,2.159,2.284,7.33,3.412,2.951,4.501
278,27.8,2.435,3.095,2.325,2.806,7.208,3.489,2.863,4.01
279,27.9,2.432,2.783,2.052,2.426,7.271,3.384,3.231,4.543
280,28,2.618,2.835,2.591,2.347,7.089,2.833,3.583,3.922
281,28.1,2.605,2.927,2.132,2.587,7.36,3.345,3.254,4.194
282,28.2,2.666,2.786,2.1,2.622,7.567,3.223,3.235,4.259
283,28.3,2.885,2.586,2.063,2.536,6.668,3.229,2.93,4.21
284,28.4,3.167,2.371,2.411,2.675,7.102,2.918,3.333,4.121
285,28.5,2.985,3.261,1.851,2.738,7.304,3.045,3.561,4.162
286,28.6,2.793,2.822,2.319,2.705,7.438,3.905,3.387,4.366
287,28.7,2.821,2.574,2.419,2.629,7.765,3.256,3.108,4.462
288,28.8,3.565,2.024,2.564,2.337,7.51,2.624,3.266,4.255
289,28.9,2.942,2.252,2.641,2.565,7.486,3.115,3.354,4.187
290,29,3.397,2.461,2.508,2.403,7.458,2.921,3.632,4.168
291,29.1,3.387,2.914,2.128,2.802,7.08,3.012,3.476,3.592
292,29.2,2.553,2.756,2.465,2.614,7.457,3.343,2.893,4.156
293,29.3,3.221,2.496,2.405,2.364,7.167,2.728,3.559,3.837
294,29.4,3.579,2.388,2.863,2.334,7.008,2.383,3.227,4.227
295,29.5,3.364,2.693,2.033,2.783,7.575,2.988,3.111,4.166
296,29.6,2.941,2.876,2.533,2.604,7.318,2.855,3.198,4.078
297,29.7,3.056,2.73,2.402,2.377,6.966,3.225,3.692,3.703
298,29.8,3.335,2.687,2.548,2.463,7.42,2.809,3.225,3.911
299,29.9,3.77,2.517,2.194,1.733,6.989,3.04,2.743,3.666
300,30,2.596,2.864,2.308,1.958,7.38,3.297,3.187,3.754
301,30.1,2.979,2.462,2.997,2.014,7.378,2.638,3.318,3.882
302,30.2,2.216,2.636,2.447,1.779,7.527,3.121,3.258,3.456
303,30.3,2.747,2.917,2.498,2.219,7.136,3.428,3.038,3.98
304,30.4,3.405,2.59,2.691,2.265,7.111,3.402,3.273,3.956
305,30.5,3.139,2.581,2.45,1.735,7.359,3.098,3.314,3.846
306,30.6,2.489,2.536,2.315,1.464,7.305,3.175,3.244,3.819
307,30.7,3.436,2.975,2.329,1.26,7.152,2.449,3.16,3.817
308,30.8,3.431,2.829,2.47,1.369,7.026,2.759,3.243,3.992
309,30.9,3.279,3.193,2.37,1.753,7.126,3.424,3.262,4.395
310,31,3.144,2.797,2.468,1.435,7.526,2.875,3.229,4.179
311,31.1,3.254,2.767,2.871,1.802,7.375,2.7,3.165,3.938
312,31.2,3.178,2.751,2.525,1.584,7.635,3.053,2.792,3.689
313,31.3,3.472,2.711,2.509,1.498,7.243,2.257,2.953,4.424
314,31.4,2.824,2.648,2.64,1.517,7.289,2.698,3.196,4.182
315,31.5,3.387,2.496,2.997,1.55,7.49,2.88,3.32,4.613
316,31.6,3.412,2.501,2.672,1.561,7.174,2.963,3.111,4.647
317,31.7,3.432,2.487,2.604,1.618,7.08,2.91,3.486,4.511
318,31.8,3.019,2.904,2.501,1.711,7.235,3.297,3.544,4.176
319,31.9,3.202,2.774,2.433,1.38,7.187,3.209,3.051,4.132
320,32,3.231,2.77,2.488,1.546,7.51,3.131,3.462,4.797
321,32.1,3.4,2.639,2.514,1.183,7.002,3.401,3.226,4.267
322,32.2,3.571,2.699,2.498,1.565,7.149,3.033,3.271,4.143
323,32.3,2.19,2.396,2.11,1.488,7.24,3.282,3.449,4.559
324,32.4,2.099,2.634,2.423,1.352,7.586,3.132,2.72,4.624
325,32.5,2.376,2.902,2.496,1.559,7.45,3.087,2.946,4.474
326,32.6,3.028,1.546,2.167,1.524,7.32,2.841,3.045,4.792
327,32.7,3.542,1.146,2.413,1.598,7.298,3.122,2.932,4.212
328,32.8,3.428,1.824,2.268,1.498,7.092,3.044,3.16,4.21
329,32.9,3.291,2.995,2.434,1.576,6.889,3.072,3.037,4.518
330,33,3.365,2.832,2.146,1.531,6.881,3.256,3.387,4.671
331,33.1,3.171,2.725,2.185,1.693,7.116,3.378,3.115,4.259
332,33.2,3.052,2.577,1.945,1.34,7.457,3.479,3.384,4.804
333,33.3,2.854,2.881,2.634,1.575,7.291,3.061,3.21,4.586
334,33.4,3.182,2.66,2.672,1.483,7.479,2.879,3.198,4.312
335,33.5,3.441,3.049,2.162,1.615,7.135,3.176,3.16,4.74
336,33.6,3.264,2.512,2.013,1.508,7.556,2.354,2.853,4.761
337,33.7,3.632,2.586,2.06,2.413,7.506,3.237,3.057,4.245
338,33.8,2.843,2.369,2.023,2.228,6.989,3.161,3.174,4.066
339,33.9,3.391,2.594,2.507,2.743,6.763,3.006,3.559,4.49
340,34,3.275,2.451,2.132,2.347,7.035,3.167,3.53,4.429
341,34.1,3.28,3.119,1.963,2.146,6.96,2.947,3.627,4.219
342,34.2,3.286,2.927,2.596,2.352,7.018,3.245,3.335,4.917
343,34.3,3.684,3.05,2.335,2.044,7.221,3.642,3.477,4.448
344,34.4,3.316,3.211,2.567,2.425,7.238,3.259,3.049,3.52
345,34.5,3.621,2.721,2.257,2.62,7.459,3.1,2.88,4.824
346,34.6,3.593,3.094,2.666,2.292,7.346,3.188,3.24,4.438
347,34.7,3.675,2.764,2.47,2.492,6.768,3.045,3.025,4.879
348,34.8,3.52,2.334,2.34,2.342,7.192,3.304,3.019,4.262
349,34.9,3.386,2.8,2.5,2.206,7.1,3.259,3.205,3.648
350,35,3.179,2.706,2.34,2.873,7.204,3.284,2.99,3.918
351,35.1,3.004,3.026,2.215,3.136,6.431,3.236,3.165,4.578
352,35.2,3.639,2.918,2.326,3.893,7.687,2.883,3.561,3.934
353,35.3,3.373,3.009,2.504,4.057,7.55,3.201,3.504,4.415
354,35.4,3.172,2.764,2.41,3.733,7.315,3.517,2.968,3.972
355,35.5,3.592,2.755,1.827,3.418,7.016,2.639,3.124,4.894
356,35.6,3.392,2.532,2.239,3.431,7.18,3.11,2.962,4.322
357,35.7,3.475,2.626,2.031,3.774,6.988,2.941,2.826,3.866
358,35.8,3.801,2.7,1.918,3.463,6.965,3.156,2.76,3.887
359,35.9,3.312,2.77,2.318,3.816,7.426,2.67,3.039,4.484
360,36,3.461,2.558,2.587,3.204,7.441,3.298,2.779,4.449
361,36.1,3.611,2.935,2.748,3.735,7.391,2.695,2.772,4.584
362,36.2,3.683,2.797,2.87,3.88,7.169,3.073,2.883,4.817
363,36.3,3.243,2.852,2.467,3.477,7.457,2.477,3.494,3.967
364,36.4,3.724,2.372,2.301,3.759,7.007,2.811,2.873,4.709
365,36.5,3.547,2.858,2.684,3.567,7.129,2.937,3.068,4.328
366,36.6,3.306,2.563,2.172,3.721,6.895,2.966,3.252,4.004
367,36.7,3.243,2.498,2.723,3.984,7.293,2.945,3.45,4.459
368,36.8,3.761,2.605,2.674,3.382,7.402,3.006,2.599,4.547
369,36.9,2.865,2.212,2.592,3.658,6.587,3.181,3.011,4.207
370,37,3.273,2.759,2.318,3.895,7.048,2.981,2.898,4.198
371,37.1,3.376,2.989,2.487,3.596,7.275,2.886,3.396,4.06
372,37.2,2.961,2.881,2.304,3.652,7.044,2.82,3.079,4.094
373,37.3,3.541,2.942,2.416,3.424,6.732,3.33,3.273,2.924
374,37.4,3.882,2.709,2.504,4.003,7.028,3.083,3.372,2.901
375,37.5,3.65,3.061,2.004,3.663,7.261,3.043,3.048,3.037
376,37.6,3.28,3.04,2.318,3.253,7.091,2.766,2.946,3.072
377,37.7,3.061,2.934,2.439,3.399,7.648,3.054,2.832,2.992
378,37.8,3.439,2.904,2.311,3.311,7.201,3.235,3.231,4.297
379,37.9,3.885,3.095,2.515,3.572,7.046,3.256,2.976,3.449
380,38,2.438,3.018,2.161,3.836,6.883,2.741,2.414,4.405
381,38.1,3.076,2.807,2.573,3.336,6.996,2.588,3.425,4.422
382,38.2,3.388,3.071,2.328,3.553,7.032,2.686,3.002,4.326
383,38.3,3.266,2.982,2.203,3.262,6.404,2.991,3.187,4.391
384,38.4,3.001,2.68,1.927,3.441,6.664,2.965,3.48,3.863
385,38.5,2.963,3.123,2.162,3.587,7.622,3.297,3.387,4.445
386,38.6,3.631,2.987,2.317,3.599,7.508,2.607,3.08,4.008
387,38.7,2.95,2.928,2.302,3.828,7.532,2.996,3.31,4.139
388,38.8,3.529,2.555,2.534,3.587,6.765,3.044,3.273,4.099
389,38.9,3.033,2.625,2.251,3.183,6.704,3.192,3.187,4.234
390,39,3.095,2.874,2.316,3.835,7.312,3.125,2.898,4.523
391,39.1,3.227,2.829,2.428,3.674,7.165,2.793,3.02,4.051
392,39.2,1.575,2.337,2.076,3.849,7.771,2.87,3.442,3.828
393,39.3,2.088,1.938,2.565,3.72,7.911,3.034,3.507,3.863
394,39.4,2.394,2.701,2.333,3.344,7.615,3.28,3.471,4.321
395,39.5,2.096,3.261,2.414,3.279,7.782,2.859,3.271,4.383
396,39.6,3.15,3.042,1.969,3.74,7.413,2.703,3.153,4.419
397,39.7,3.031,2.95,2.503,3.325,7.367,3.103,3.278,3.267
398,39.8,2.774,2.809,2.418,3.292,7.735,2.966,3.165,2.926
399,39.9,3.453,2.83,2.496,3.599,7.506,2.741,3.182,2.863
400,40,3.179,2.674,2.583,3.684,7.757,2.892,2.932,2.808
401,40.1,2.853,3.173,2.15,3.997,7.568,2.946,3.067,3.059
402,40.2,2.736,2.944,2.177,3.362,7.656,2.83,3,2.836
403,40.3,2.068,2.664,2.044,3.47,7.789,3.15,3.343,2.891
404,40.4,2.713,2.631,2.327,3.131,7.969,3.036,3.621,2.717
405,40.5,2.133,3.189,2.286,3.264,7.669,2.691,2.828,2.98
406,40.6,2.158,2.892,1.467,3.629,8.131,2.848,3.006,3.318
407,40.7,2.797,2.998,1.65,3.589,8.054,2.864,3.205,3.033
408,40.8,0.99,2.969,1.704,3.583,8.334,3.045,3.02,4.158
409,40.9,1.163,2.973,2.101,3.539,7.702,2.817,2.931,3.489
410,41,2.364,2.13,1.986,2.885,8.079,2.771,3.294,3.182
411,41.1,2.69,2.842,2.197,2.989,7.887,2.767,3.101,2.841
412,41.2,1.892,2.664,2.416,3.13,7.532,2.85,2.975,3.091
413,41.3,2.283,2.715,2.115,2.497,7.327,2.886,2.908,3.147
414,41.4,2.464,2.725,2.582,2.938,8,2.931,3.637,2.765
415,41.5,2.148,2.907,2.564,2.985,8.038,2.684,3.376,3.107
416,41.6,2.221,2.738,2.723,2.862,7.819,2.586,3.053,2.753
417,41.7,2.481,2.521,2.238,2.457,8.003,2.695,3.227,3.05
418,41.8,2.482,2.526,2.412,2.638,7.767,2.502,3.451,2.792
419,41.9,2.845,2.44,2.552,2.266,7.915,2.811,2.851,2.8
420,42,2.717,2.463,2.478,2.944,7.979,2.734,3.142,2.649
421,42.1,2.689,2.504,2.515,2.445,8.006,2.976,3.1,2.843
422,42.2,3.247,2.089,2.41,2.581,8.082,3.014,3.484,3.105
423,42.3,2.375,1.717,2.195,2.7,8.153,2.962,3.357,3.369
424,42.4,2.402,1.737,2.215,2.596,7.919,3.041,3.335,4.123
425,42.5,4.633,1.905,2.023,2.821,7.644,2.752,3.07,3.033
426,42.6,3.724,1.692,2.416,2.926,7.85,2.995,3.179,2.796
427,42.7,2.86,1.5,2.115,2.863,7.888,3.058,3.009,2.599
428,42.8,1.932,1.647,2.391,2.886,7.92,3.083,2.888,4.462
429,42.9,2.136,1.778,2.337,2.339,7.671,3.056,3.175,4.201
430,43,2.6,1.92,2.273,2.3,7.831,3.018,3.554,4.133
431,43.1,2.764,1.729,1.838,2.578,7.996,2.939,3.299,4.206
432,43.2,2.393,1.765,1.937,2.851,7.442,2.825,3.101,4.226
433,43.3,2.36,1.824,2.037,2.557,7.704,2.993,3.076,4.338
434,43.4,2.729,1.803,1.953,2.157,7.691,3.181,2.915,4.508
435,43.5,2.394,1.64,2.039,2.393,7.646,3.822,2.829,4.503
436,43.6,2.086,1.82,2.069,2.206,7.423,2.854,3.233,2.885
437,43.7,2.243,2.074,2.268,2.732,7.669,2.732,2.921,2.904
438,43.8,2.451,2.117,2.327,3.038,7.676,2.778,3.07,4.439
439,43.9,2.459,2.007,2.137,2.697,7.657,3.208,2.806,3.098
440,44,2.813,1.516,2.105,2.702,7.895,3.279,2.949,3.197
441,44.1,2.403,1.972,2.043,2.848,7.792,3.074,3.017,4.899
442,44.2,2.669,1.594,2.065,2.274,8.095,3.203,2.837,3.195
443,44.3,2.106,1.463,2.401,2.94,7.973,3.301,3.061,4.299
444,44.4,2.286,1.942,2.126,2.716,8.012,3.149,3.376,3.037
445,44.5,1.562,1.634,2.044,3.076,7.73,3.448,3.43,2.958
446,44.6,2.343,1.252,1.969,2.706,7.823,3.162,3.536,2.845
447,44.7,2.015,1.439,2.335,2.767,7.86,3.431,3.821,3.062
448,44.8,1.586,1.375,2.406,2.548,8.172,3.761,3.404,3.093
449,44.9,2.563,1.566,2.444,1.553,8.113,2.556,3.436,3.758
450,45,1.81,1.714,2.14,1.818,8.393,3.231,2.946,4.328
451,45.1,2.165,1.359,2.596,1.655,8.186,3.276,3.76,4.355
452,45.2,1.655,1.099,2.462,1.593,8.076,3.14,3.222,3.831
453,45.3,1.683,1.458,2.116,1.775,7.887,3.266,3.205,3.983
454,45.4,1.784,1.221,2.088,1.38,7.766,3.201,3.378,3.674
455,45.5,1.807,1.223,2.528,1.239,7.906,3.047,3.437,2.941
456,45.6,1.829,1.391,2.44,1.517,7.752,3.099,3.363,2.947
457,45.7,1.563,1.453,2.474,1.693,7.742,3.093,3.302,3.228
458,45.8,1.672,1.267,2.423,1.19,7.699,3.183,3.41,3.003
459,45.9,1.459,1.209,2.264,1.301,8.01,2.999,3.165,3.05
460,46,1.625,1.661,2.495,1.316,7.991,2.999,2.908,2.948
461,46.1,1.911,1.656,2.416,1.149,7.754,3.168,3.256,4.956
462,46.2,1.662,1.991,1.817,1.757,7.776,3.072,3.312,4.408
463,46.3,1.779,2,2.121,1.497,7.508,2.308,3.432,4.499
464,46.4,1.549,2.064,2.451,1.725,7.82,2.99,3.422,4.351
465,46.5,1.661,1.896,2.603,1.754,8.062,2.657,3.385,4.377
466,46.6,1.845,1.886,2.362,1.159,8.07,3.123,3.074,4.517
467,46.7,1.394,1.598,2.137,1.039,7.479,2.869,3.142,4.309
468,46.8,1.528,1.387,2.328,1.39,7.906,3.615,3.574,4.37
469,46.9,1.375,1.067,2.284,0.897,7.789,1.721,2.675,4.229
470,47,1.687,1.049,1.934,1.33,7.929,1.404,3.306,4.214
471,47.1,1.718,1.294,2.096,1.115,7.808,1.282,3.305,4.337
472,47.2,1.693,1.451,2.068,1.196,7.819,1.938,3.349,2.966
473,47.3,1.469,1.509,2.568,1.041,7.787,1.562,2.8,2.964
474,47.4,1.821,1.356,2.144,1.391,7.942,1.546,3.729,3.025
475,47.5,1.816,1.714,1.977,1.097,7.97,1.421,3.293,2.924
476,47.6,1.849,1.802,2.234,1.286,7.829,1.475,2.435,2.871
477,47.7,2.092,1.698,2.239,1.391,8.039,1.422,3.155,2.934
478,47.8,1.69,1.444,2.067,1.507,7.733,1.361,3.484,2.961
479,47.9,1.35,1.454,2.458,1.352,7.906,1.563,3.182,2.925
480,48,1.679,1.778,2.151,0.775,7.743,2.035,2.729,2.979
481,48.1,1.48,1.717,2.506,1.542,7.92,1.406,2.917,3.337
482,48.2,1.691,1.758,2.26,1.798,7.972,1.607,3.375,2.791
483,48.3,1.436,1.404,2.355,1.461,7.623,1.582,2.972,2.766
484,48.4,1.502,1.785,2.492,1.389,8.003,2.815,3.638,2.992
485,48.5,1.488,1.645,2.373,1.217,8.112,1.782,3.285,3.045
486,48.6,1.997,1.564,2.597,1.206,7.771,2.221,3.159,4.551
487,48.7,1.937,1.915,2.141,1.03,7.814,2.253,3.403,4.329
488,48.8,2.724,1.707,2.297,1.124,8.24,2.403,3.72,4.411
489,48.9,2.828,1.69,2.327,1.447,7.51,2.25,3.316,4.283
490,49,2.325,1.952,2.161,1.1,7.76,1.748,3.609,3.822
491,49.1,2.558,1.761,2.22,1.206,7.828,1.413,3.255,3.918
492,49.2,2.859,1.995,2.423,1.488,7.827,1.828,3.187,4.591
493,49.3,2.658,1.49,2.239,1.026,7.806,2.096,3.249,4.34
494,49.4,2.588,1.205,2.387,1.603,7.797,1.861,3.241,4.411
495,49.5,2.529,1.703,2.279,1.247,7.843,1.777,3.276,4.016
496,49.6,2.047,1.979,2.159,1.121,7.636,2.1,3.598,4.162
497,49.7,2.331,2.453,2.053,1.291,7.587,2.246,3.324,4.267
498,49.8,1.992,2.135,2.058,1.292,7.474,2.286,3.306,4.11
499,49.9,2.032,1.859,2.072,1.261,7.674,1.891,3.07,4.123
500,50,1.84,1.804,2.209,0.986,7.632,2.061,2.698,2.687
501,50.1,2.324,1.51,2.547,1.139,7.718,2.549,2.908,3.336
502,50.2,1.764,1.659,2.36,1.609,7.601,2.418,2.925,4.217
503,50.3,1.516,1.749,2.507,1.017,7.923,2.277,2.912,4.033
504,50.4,1.43,1.927,2.527,1.582,7.779,1.755,3.497,4.226
505,50.5,1.727,1.734,2.496,1.237,7.514,2.614,3.202,4.35
506,50.6,1.821,2.074,2.359,1.335,7.686,1.705,3.037,3.847
507,50.7,1.568,1.513,2.242,1.098,7.766,1.618,3.453,4.237
508,50.8,1.589,2.039,2.102,1.391,7.467,1.552,3.385,4.026
509,50.9,1.704,1.295,2.084,1.022,8.15,1.42,3.347,4.25
510,51,1.372,1.937,2.116,1.239,8.054,1.536,3.252,4.234
511,51.1,2.64,1.787,1.944,1.136,8.083,1.563,3.18,4.132
512,51.2,2.533,1.786,2.393,1.103,7.894,1.496,3.768,4.117
513,51.3,3.143,1.573,1.956,1.944,8.13,1.638,2.966,4.178
514,51.4,2.707,1.723,2.406,1.598,7.856,2.482,3.347,4.321
515,51.5,2.798,1.769,2.437,1.88,7.309,2.63,2.845,4.134
516,51.6,2.071,1.554,2.542,1.342,7.647,1.552,3.519,4.005
517,51.7,1.855,1.455,2.169,1.115,7.593,2.381,3.392,4.287
518,51.8,1.713,1.898,2.629,1.043,7.675,2.4,3.072,4.25
519,51.9,1.905,1.476,2.207,1.391,7.584,1.991,3.617,4.285
520,52,2.125,1.672,1.863,1.685,7.638,2.024,3.348,3.865
521,52.1,1.836,1.932,2.349,1.834,8.038,1.641,3.315,2.931
522,52.2,1.938,1.386,2.381,1.965,7.935,1.514,3.74,3.967
523,52.3,1.722,1.079,2.125,1.258,7.625,1.362,3.465,4.143
524,52.4,1.899,1.348,1.987,1.38,7.863,1.2,3.034,4.033
525,52.5,2.092,1.746,2.134,1.096,7.8,1.202,3.322,4.023
526,52.6,2.409,1.574,2.364,1.604,7.959,1.26,3.304,4.26
527,52.7,2.697,1.765,2.555,1.093,7.922,1.412,3.397,4.286
528,52.8,2.335,1.614,2.376,1.229,7.887,1.346,3.418,3.957
529,52.9,2.794,1.375,2.516,1.248,7.672,1.137,3.631,4.313
530,53,2.415,1.836,2.528,1.435,7.877,1.323,3.235,4.439
531,53.1,2.594,1.299,2.137,1.266,8.037,1.543,3.107,4.108
532,53.2,2.863,1.313,2.28,1.703,7.869,1.812,3.573,4.245
533,53.3,2.144,1.41,2.405,1.97,7.97,1.857,2.859,3.214
534,53.4,2.568,1.305,2.217,1.689,7.548,2.315,3.036,4.29
535,53.5,2.837,1.407,2.419,1.244,7.682,2.393,3.324,2.824
536,53.6,2.796,1.746,1.673,1.634,7.509,2.486,3.184,3.126
537,53.7,2.343,1.747,2.181,1.948,7.95,2.395,3.164,3.205
538,53.8,2.711,1.447,2.54,1.284,7.973,2.646,2.946,3.09
539,53.9,2.797,1.345,2.177,1.571,7.903,2.187,2.984,4.094
540,54,2.823,1.445,2.246,1.384,8.289,2.154,3.129,3.417
541,54.1,2.451,1.767,1.911,1.729,7.987,2.611,3.359,2.819
542,54.2,2.146,1.501,2.24,1.592,8.053,2.317,3.119,2.757
543,54.3,2.353,1.636,2.788,1.85,7.86,2.401,3.157,3.391
544,54.4,2.424,1.384,2.247,1.207,7.645,2.469,2.805,4.094
545,54.5,2.949,1.844,2.679,0.963,7.599,2.12,3.224,2.682
546,54.6,2.498,1.721,2.043,1.264,7.823,2.624,3.178,3.893
547,54.7,2.363,1.398,2.559,0.962,7.729,2.407,3.188,4.183
548,54.8,2.617,1.473,1.878,1.437,7.705,2.547,3.282,3.981
549,54.9,2.522,1.368,2.487,1.407,7.828,1.651,3.056,3.138
550,55,2.508,1.304,1.931,1.613,7.73,1.66,3.544,4.039
551,55.1,2.48,1.518,1.988,1.402,7.882,1.667,2.997,3.751
552,55.2,2.832,1.386,1.841,1.574,7.731,2.325,3.573,4.439
553,55.3,2.593,1.749,2.238,1.797,7.589,2.448,3.359,4.196
554,55.4,2.971,1.44,2.201,1.478,7.935,2.465,3.202,4.325
555,55.5,3.295,1.321,2.38,1.448,7.958,2.591,2.878,4.372
556,55.6,3.032,1.639,2.146,1.56,7.765,1.987,3.485,4.205
557,55.7,2.232,0.872,1.978,1.856,8.219,1.845,2.98,4.078
558,55.8,3.251,0.953,2.055,1.258,8.08,1.951,3.43,4.512
559,55.9,2.337,1.578,2.121,1.105,8.167,0.957,3.537,3.467
560,56,3.195,0.877,2.283,1.402,7.589,1.137,3.337,4.415
561,56.1,2.366,0.886,2.131,1.374,8.003,1.037,3.487,4.001
562,56.2,2.077,1.697,2.212,1.332,7.83,1.245,3.076,4.188
563,56.3,2.702,1.467,2.025,1.29,7.711,1.307,3.434,4.109
564,56.4,2.781,1.364,2.197,1.214,7.852,0.958,3.324,3.986
565,56.5,3.069,1.345,2.336,1.322,8.113,1.404,3.115,4.454
566,56.6,2.521,1.654,2.04,1.434,8.103,1.091,3.497,4.02
567,56.7,3.414,1.11,1.91,1.172,7.822,1.258,3.018,4.201
568,56.8,3.492,1.479,1.943,0.983,8.145,1.069,3.012,4.052
569,56.9,2.893,1.22,2.281,1.169,7.932,1.079,3.557,4.073
570,57,2.092,1.272,1.794,1.119,7.933,1.399,3.082,4.469
571,57.1,2.134,1.233,2.014,1.122,8.022,0.965,3.24,4.117
572,57.2,1.138,1.034,1.717,1.478,8.036,1.123,3.406,3.85
573,57.3,1.313,1.692,2.064,0.931,7.901,1.192,2.98,4.108
574,57.4,1.381,1.254,1.888,1.691,7.572,1.163,3.166,4.356
575,57.5,2.157,1.552,1.651,1.329,7.928,1.311,3.502,3.763
576,57.6,1.063,1.341,1.805,1.697,7.645,1.113,3.037,4.191
577,57.7,0.777,1.306,2.082,1.348,7.824,1.209,2.975,4.23
578,57.8,1.106,1.885,2.043,1.811,8.036,1.742,3.128,4.427
579,57.9,1.387,1.687,1.659,1.614,7.887,1.625,3.085,4.009
580,58,1.346,1.661,2.166,1.813,7.782,1.816,3.133,3.896
581,58.1,1.213,1.447,2.131,1.803,7.913,1.685,3.084,3.964
582,58.2,1.197,1.692,2.394,1.688,7.742,1.777,3.07,4.099
583,58.3,1.261,1.253,2.189,1.731,8.117,1.587,3.474,3.747
584,58.4,1.223,1.817,2.289,1.464,7.65,1.974,3.022,3.267
585,58.5,1.076,1.669,2.105,1.453,7.486,1.763,2.833,2.954
586,58.6,1.166,1.551,2.102,1.953,7.436,1.64,3.083,2.794
587,58.7,1.481,1.464,2.095,1.166,7.824,1.687,3.019,3.379
588,58.8,1.125,0.895,2.02,1.268,7.761,1.723,2.952,3.181
589,58.9,0.966,1.497,2.151,1.843,7.752,1.072,3.431,2.852
590,59,0.923,0.971,2.149,1.315,7.825,1.019,2.912,2.966
591,59.1,1,1.108,2.437,1.048,7.437,1.217,3.1,2.388
592,59.2,0.992,1.24,2.553,1.319,7.553,1.12,2.994,2.844
593,59.3,0.979,1.646,2.148,1.277,7.73,1.142,3.205,2.92
594,59.4,0.682,1.952,2.303,1.771,7.566,1.193,3.112,3.466
595,59.5,1.263,1.582,2.399,1.491,7.366,1.385,3.022,2.724
596,59.6,0.94,1.715,2.275,1.638,7.514,1.364,2.97,3.25
597,59.7,1.169,1.216,2.404,1.408,7.601,1.162,2.965,3.137
598,59.8,1.268,1.58,2.153,1.691,7.689,1.062,2.827,2.56
599,59.9,1.284,1.658,2.289,1.509,7.454,1.066,3.003,4.068
600,60,1.395,1.791,2.216,2.434,7.521,1.017,3.179,4.036
601,60.1,1.508,1.472,2.567,2.145,7.503,1.1,3.98,4.203
602,60.2,1.498,1.596,2.605,1.862,7.366,1.201,3.259,3.958
603,60.3,1.418,1.754,2.64,1.938,7.679,1.173,3.654,4.147
604,60.4,1.34,1.518,2.11,1.59,7.729,1.05,3.048,3.946
605,60.5,1.5,1.273,2.644,1.747,7.734,1.057,3.428,4.298
606,60.6,1.298,1.056,2.269,1.649,7.525,0.976,3.259,4.135
607,60.7,1.316,1.29,2.479,2.109,7.631,1.436,3.003,3.361
608,60.8,1.427,0.979,2.174,1.906,7.654,1.126,3.129,4.043
609,60.9,1.323,0.796,2.281,1.424,7.693,1.318,3.536,4.245
610,61,1.245,1.784,2.614,1.23,7.463,1.129,3.397,3.993
611,61.1,1.318,1.622,2.458,1.511,7.479,0.947,3.433,4.01
612,61.2,1.297,1.387,2.58,1.297,7.601,1.344,3.403,3.946
613,61.3,1.214,1.504,2.32,1.322,7.609,0.921,3.17,3.908
614,61.4,1.429,0.966,2.26,1.73,7.628,1.168,3.188,3.937
615,61.5,1.391,1.6,2.528,2.029,7.902,1.38,3.434,4.341
616,61.6,1.518,1.346,2.36,1.224,7.674,1.309,3.575,4.513
617,61.7,1.385,1.229,2.396,1.319,7.55,1.197,3.232,4.209
618,61.8,1.571,0.947,2.427,1.267,7.799,1.305,3.624,4.179
619,61.9,1.84,1.563,2.32,0.909,7.845,1.496,3.578,3.117
620,62,1.923,1.791,2.48,2.005,7.51,1.05,3.246,3.31
621,62.1,1.542,1.146,2.348,1.54,7.701,1.322,3.308,4.067
622,62.2,1.857,1.071,2.507,1.517,7.368,1.169,3.233,4.23
623,62.3,1.872,1.212,2.226,1.758,7.444,0.873,3.639,4.26
624,62.4,2.742,1.371,2.735,1.711,7.333,0.9,3.054,4.032
625,62.5,2.808,1.137,2.362,1.579,7.561,0.754,3.684,3.956
626,62.6,1.975,1.153,2.356,1.693,7.627,0.98,3.588,3.595
627,62.7,2.174,1.04,2.247,1.834,7.729,1.023,3.359,4.248
628,62.8,2.365,1.217,2.396,1.344,7.637,1.199,3.458,4.303
629,62.9,2.356,1.183,2.638,1.114,7.598,0.812,2.956,4.178
630,63,2.499,1.421,3.017,1.01,7.26,0.701,3.063,4.356
631,63.1,2.314,0.94,2.567,1.104,7.733,1.016,3.397,3.976
632,63.2,2.592,0.823,2.435,1.325,7.757,1.223,3.329,4.083
633,63.3,2.598,0.992,2.268,1.198,7.657,0.981,3.261,4.065
634,63.4,2.834,0.757,2.358,1.12,7.749,1.188,3.13,3.966
635,63.5,2.229,0.987,2.375,1.616,7.785,1.137,3.336,4.111
636,63.6,2.367,2.273,2.289,1.567,7.738,1.107,3.213,3.979
637,63.7,2.646,1.713,2.35,1.391,7.969,1.291,3.731,4.206
638,63.8,2.637,2.195,2.699,0.988,7.663,1.051,3.483,4.266
639,63.9,2.182,1.855,2.496,1.346,7.769,0.911,3.139,3.922
640,64,2.606,2.366,2.486,1.644,7.724,1.401,3.399,2.839
641,64.1,2.38,2.308,2.722,1.192,7.671,0.911,3.402,4.241
642,64.2,2.432,2.86,2.563,1.166,7.701,1.196,3.307,3.938
643,64.3,2.406,2.511,2.633,1.323,7.549,1.232,3.058,4.302
644,64.4,2.45,2.891,2.405,1.225,7.819,1.292,3.072,3.965
645,64.5,2.089,2.859,2.496,1.417,7.914,1.333,3.272,4.267
646,64.6,2.043,3.099,2.318,1.422,7.751,1.262,3.561,2.552
647,64.7,2.327,2.874,2.208,1.181,7.753,0.921,3.117,2.38
648,64.8,2.49,2.811,2.202,1.021,7.746,1.434,2.926,2.63
649,64.9,2.501,3.076,2.399,1.617,7.685,1.799,2.269,3.819
650,65,3.361,3.13,2.595,1.508,7.799,2.151,2.471,2.538
651,65.1,2.579,2.671,2.439,1.784,7.956,2.158,2.524,3.839
652,65.2,2.615,2.781,2.574,1.454,7.997,1.817,2.26,3.616
653,65.3,1.854,3.293,2.848,1.513,7.871,1.489,2.955,4.092
654,65.4,1.842,3.283,2.414,1.126,8.043,1.747,2.58,3.532
655,65.5,1.741,2.865,2.677,1.573,7.751,1.363,2.452,3.559
656,65.6,1.957,2.741,2.387,1.472,7.666,1.529,2.569,3.92
657,65.7,1.942,2.707,2.249,1.616,7.715,1.841,2.35,4.083
658,65.8,1.614,2.998,2.426,1.312,7.569,1.121,2.522,3.986
659,65.9,1.755,2.954,2.403,1.516,7.906,1.315,2.941,3.74
660,66,1.843,3.027,2.714,1.425,7.971,1.406,2.888,3.032
661,66.1,1.655,2.853,2.905,1.461,7.911,1.219,2.862,2.101
662,66.2,1.77,2.3,2.513,1.534,7.939,1.431,2.871,4.437
663,66.3,1.732,2.089,2.679,1.301,7.619,1.421,3.316,3.992
664,66.4,1.774,2.853,2.557,1.195,7.576,1.789,2.685,3.735
665,66.5,1.872,2.728,2.469,1.179,7.742,1.178,3.344,4.595
666,66.6,1.854,2.614,2.576,1.255,7.783,1.171,2.641,4.378
667,66.7,1.915,2.668,3.006,1.114,7.834,1.086,2.956,3.778
668,66.8,1.656,2.292,2.529,1.11,7.987,1.344,3.333,4.416
669,66.9,1.655,2.792,2.723,1.231,7.605,1.429,3.565,4.171
670,67,2.056,2.108,2.398,0.994,8.036,1.501,3.422,4.394
671,67.1,2.103,2.095,2.492,1.252,7.807,1.4,3.208,4.234
672,67.2,1.792,2.743,2.416,1.385,8.114,1.484,3.454,4.022
673,67.3,1.702,2.508,2.543,1.47,7.841,1.332,3.481,3.901
674,67.4,1.761,2.777,2.365,1.253,7.985,1.326,2.973,4.05
675,67.5,1.854,2.416,2.648,1.365,7.872,1.451,3.37,3.886
676,67.6,1.63,2.876,2.632,1.111,8.101,2.232,2.954,4.467
677,67.7,1.926,2.491,2.72,1.287,8.098,1.842,3.394,3.02
678,67.8,2.068,2.528,1.972,0.929,8.253,1.883,3.083,2.824
679,67.9,1.998,2.612,2.56,1.03,8.42,1.652,2.949,2.286
680,68,2.281,3.142,2.324,1.343,8.313,1.16,3.368,2.196
681,68.1,2.259,2.788,2.581,1.505,8.334,1.284,3.3,2.437
682,68.2,1.783,3.088,2.68,1.26,8.333,1.143,3.524,2.152
683,68.3,1.795,2.711,2.689,1.459,8.401,1.293,3.656,2.253
684,68.4,1.683,2.472,2.481,1.15,8.24,1.34,2.908,2.223
685,68.5,1.581,2.673,2.361,1.159,7.929,0.97,3.043,2.228
686,68.6,1.62,2.299,2.409,1.235,7.899,1.263,3.34,2.185
687,68.7,1.455,2.596,2.237,1.297,8.025,1.38,3.272,2.151
688,68.8,1.735,2.957,2.004,1.406,8.222,1.441,3.13,1.961
689,68.9,1.794,2.877,2.08,1.124,8.345,1.339,3.504,2.38
690,69,1.722,2.849,2.142,1.218,8.155,1.246,3.214,2.14
691,69.1,1.934,2.613,2.252,1.179,7.602,1.184,3.768,2.029
692,69.2,1.885,3.093,2.303,1.459,7.996,1.141,3.402,2.459
693,69.3,1.815,2.798,1.947,1.371,7.83,1.986,3.266,2.339
694,69.4,1.932,2.943,1.862,1.88,7.964,2.334,3.121,2.209
695,69.5,2.019,3.142,2.194,1.502,7.883,2.323,3.27,2.364
696,69.6,1.991,2.828,2.535,2.146,7.656,2.149,3.207,2.308
697,69.7,2.084,2.713,2.734,1.66,8.059,1.144,2.928,2.597
698,69.8,2.069,2.825,2.321,1.729,7.877,1.226,3.053,2.2
699,69.9,1.89,2.919,2.179,1.168,7.998,1.184,3.668,1.91
700,70,1.965,2.913,2.329,1.547,8.159,1.243,3.451,2.269
701,70.1,1.783,2.753,2.548,1.921,7.619,1.124,3.136,2.371
702,70.2,1.798,2.757,1.642,2.09,7.881,1.305,3.603,2.219
703,70.3,1.942,2.769,2.069,1.396,7.943,1.352,3.644,2.246
704,70.4,1.882,2.888,2.397,1.008,7.634,1.131,2.735,2.295
705,70.5,2.19,2.686,2.582,1.722,7.815,0.92,2.925,1.913
706,70.6,1.776,3.067,2.399,1.428,8.008,1.085,3.02,2.03
707,70.7,2.246,2.661,2.39,1.343,7.835,1.458,3.365,2.052
708,70.8,2.103,2.386,2.442,2.072,7.793,1.374,3.434,2.194
709,70.9,1.812,1.919,2.403,2.172,7.682,1.081,3.632,2.454
710,71,1.597,1.687,2.69,2.124,7.756,1.386,3.631,2.398
711,71.1,1.974,2.811,2.655,2.788,7.791,1.258,3.633,2.088
712,71.2,1.646,2.899,1.768,2.592,7.736,1.576,3.858,2.111
713,71.3,2.019,2.761,2.352,2.599,7.899,1.345,3.503,2.042
714,71.4,1.608,3.033,2.717,2.551,7.831,1.366,3.387,2.213
715,71.5,1.6,2.708,2.682,2.96,7.729,1.632,3.168,2.028
716,71.6,1.752,2.62,2.493,3.176,7.747,1.111,3.694,2.053
717,71.7,1.849,1.871,2.847,2.84,7.361,1.162,2.973,2.711
718,71.8,1.858,2.629,2.697,2.507,7.96,1.449,3.264,2.442
719,71.9,1.645,2.795,2.942,2.61,7.934,1.259,3.344,2.854
720,72,2.017,1.913,2.836,3.158,7.736,1.154,3.122,2.632
721,72.1,1.803,2.881,2.625,3.574,7.595,1.245,3.036,2.464
722,72.2,1.581,2.746,2.735,2.996,8.052,1.487,3.027,2.574
723,72.3,1.835,2.789,2.682,3.31,7.816,1.967,3.191,2.776
724,72.4,1.474,3.035,2.579,2.502,7.952,2.127,3.217,2.56
725,72.5,1.648,2.897,2.443,2.775,7.622,1.443,3.106,2.613
726,72.6,1.835,2.651,2.602,2.25,7.715,1.616,3.05,2.79
727,72.7,2.229,2.96,2.3,2.272,7.418,1.345,3.17,3.073
728,72.8,2.163,2.955,2.32,2.47,8.093,1.23,3.282,2.66
729,72.9,1.75,2.661,2.541,2.448,7.806,1.27,3.358,2.817
730,73,1.997,3.008,2.81,2.715,7.997,1.153,2.897,2.795
731,73.1,2.04,2.886,2.719,2.402,7.984,1.245,3.552,2.867
732,73.2,2.016,2.955,2.594,2.366,7.771,1.271,2.946,2.845
733,73.3,1.671,3.072,2.48,2.439,7.616,1.212,2.995,2.665
734,73.4,2.391,3.089,2.442,2.401,7.857,1.315,3.484,2.485
735,73.5,2.722,2.583,2.746,2.815,7.579,1.294,3.544,3.184
736,73.6,2.485,1.775,3.157,2.79,7.7,1.206,3.384,2.646
737,73.7,2.392,1.306,2.555,2.347,7.428,1.29,3.413,2.826
738,73.8,2.342,3.065,2.576,2.585,7.908,1.488,3.335,3.11
739,73.9,2.071,2.718,2.764,2.515,7.454,1.22,3.392,2.882
740,74,1.866,2.727,2.869,2.475,8.115,1.382,3.139,2.665
741,74.1,1.933,2.914,3.053,2.735,7.699,1.273,3.147,2.923
742,74.2,1.822,3.128,2.556,2.622,7.769,1.138,2.86,3.279
743,74.3,1.855,2.996,2.842,2.389,7.777,1.196,2.836,2.929
744,74.4,1.535,2.847,2.629,2.08,7.888,1.474,3.278,2.979
745,74.5,1.964,2.866,2.813,1.509,7.924,1.206,2.939,2.993
746,74.6,2.023,2.907,2.523,1.568,7.779,1.367,3.081,3.154
747,74.7,1.626,3.005,2.489,2.264,7.513,1.317,2.96,3.105
748,74.8,1.58,3.081,2.261,2.236,7.821,1.544,2.5,3.144
749,74.9,1.83,3.366,2.368,2.552,7.614,1.425,2.757,2.85
750,75,1.688,2.788,2.326,1.978,7.937,1.43,3.075,3.168
751,75.1,1.754,2.906,2.725,2.925,7.43,1.191,2.952,3.104
752,75.2,1.638,3.427,2.266,2.214,7.904,1.145,3.254,2.998
753,75.3,1.963,2.53,2.798,2.428,7.832,1.419,2.332,3.014
754,75.4,1.78,3.288,2.811,2.496,7.918,1.508,2.223,3.195
755,75.5,2.024,2.854,2.358,2.44,7.603,1.078,3.186,3.358
756,75.6,1.878,2.8,2.433,2.259,7.638,1.174,3.641,3.379
757,75.7,1.821,2.586,2.384,1.665,7.683,1.228,3.404,2.997
758,75.8,1.919,2.771,2.428,2.015,7.977,1.378,3.544,3.098
759,75.9,1.72,3.143,2.148,2.009,7.881,1.461,2.843,2.717
760,76,1.787,2.824,2.663,1.827,7.62,1.431,3.341,2.744
761,76.1,1.834,3.064,2.55,2.505,7.797,1.401,3.241,2.791
762,76.2,1.831,3.033,2.306,2.224,7.638,1.507,3.057,2.653
763,76.3,1.604,2.733,2.166,2.319,7.778,1.339,3.391,2.586
764,76.4,1.805,2.996,2.378,2.19,8.011,1.441,3.175,2.999
765,76.5,2.006,3.364,2.489,2.195,8.223,1.011,3.263,2.876
766,76.6,2.147,2.968,2.442,2.246,7.889,1.291,3.374,2.908
767,76.7,2.976,2.943,2.368,2.372,7.702,1.214,3.666,2.617
768,76.8,2.803,3.244,2.337,2.67,7.766,1.277,3.294,2.732
769,76.9,3.04,2.667,2.393,2.538,7.883,1.226,3.267,2.532
770,77,2.624,2.96,2.511,2.108,8.035,1.302,3.245,2.514
771,77.1,2.784,2.842,2.484,2.337,7.848,1.279,3.093,2.275
772,77.2,2.289,2.943,2.485,2.546,8.112,1.145,3.257,2.024
773,77.3,2.613,3.225,2.332,2.443,8.054,1.163,3.54,2.244
774,77.4,2.982,3.258,2.752,1.881,7.94,1.434,3.442,2.257
775,77.5,2.405,2.951,2.794,2.035,7.944,1.24,3.097,2.155
776,77.6,3.064,3.178,2.574,1.76,8.277,1.333,3.306,2.166
777,77.7,2.794,3.276,2.443,1.811,8.408,1.078,3.595,2.433
778,77.8,2.903,3.024,2.498,2.223,8.087,1.362,3.322,2.364
779,77.9,2.905,3.166,2.588,2.373,8.26,1.184,3.605,2.956
780,78,3.043,3.034,2.288,1.81,8.061,1.449,3.703,2.715
781,78.1,4.127,2.755,2.323,2.42,8.105,1.443,3.246,2.61
782,78.2,2.821,3.24,2.179,1.864,7.872,1.06,3.376,2.553
783,78.3,3.174,3.068,2.135,1.92,7.599,1.223,3.338,2.493
784,78.4,2.819,3.007,1.972,2.064,7.83,1.511,3.467,2.531
785,78.5,3.347,3.118,2.26,1.913,7.853,1.387,3.359,2.686
786,78.6,3.164,3.131,2.381,2.318,7.997,1.577,3.34,2.664
787,78.7,3.19,3.047,2.362,2.284,7.808,1.248,3.295,2.828
788,78.8,3.279,3.105,2.413,2.347,8.038,1.383,3.476,2.657
789,78.9,3.08,2.974,2.385,1.715,7.661,1.465,3.115,2.646
790,79,3.138,3.089,2.272,2.626,7.908,1.292,3.26,2.691
791,79.1,2.986,3.298,2.25,2.331,7.77,1.317,2.937,2.288
792,79.2,3.173,3.355,2.643,2.247,7.803,1.38,3.598,1.962
793,79.3,3.089,3.224,2.857,2.589,7.823,1.462,3.363,2.345
794,79.4,3.274,3.012,2.262,2.197,8.196,1.472,3.182,2.306
795,79.5,3.356,2.734,2.496,2.897,7.73,1.454,2.781,2.441
796,79.6,3.081,2.896,2.333,2.747,8.182,1.582,3.013,2.338
797,79.7,3.631,2.956,2.433,1.91,7.987,1.548,3.364,2.262
798,79.8,2.932,2.879,2.25,1.869,8.225,1.375,3.311,2.262
799,79.9,3.499,3.211,2.435,2.203,7.988,1.471,3.4,2.181
800,80,3.571,2.853,2.637,2.453,7.805,1.237,2.958,2.254
801,80.1,3.637,3.454,2.453,2.466,7.791,1.874,3.347,2.12
802,80.2,3.267,3,2.326,2.268,8.209,1.387,3.256,2.447
803,80.3,3.227,3.301,2.393,2.738,7.665,1.242,3.133,2.955
804,80.4,3.297,3.651,2.451,2.674,7.834,1.147,3.116,2.477
805,80.5,3.07,2.739,2.21,2.603,7.838,1.359,2.964,2.601
806,80.6,3.173,3.017,2.223,2.311,8.036,1.526,3.254,2.614
807,80.7,3.002,3.1,2.602,2.682,7.987,1.309,3.497,2.31
808,80.8,3.284,3.199,2.518,1.829,8.232,1.39,3.218,2.681
809,80.9,2.628,2.679,2.286,2.714,8.148,1.523,2.913,2.702
810,81,3.106,2.739,2.555,2.336,8.077,1.678,3.198,2.887
811,81.1,2.828,2.21,2.339,2.256,7.437,1.461,3.091,2.584
812,81.2,2.557,3.44,2.622,2.381,7.37,1.924,3.322,2.455
813,81.3,2.478,2.373,2.637,2.029,7.506,1.944,3.208,2.301
814,81.4,2.846,3.089,2.54,2.137,7.733,1.538,3.146,2.502
815,81.5,3.315,3.526,2.748,1.919,7.528,1.557,3.144,2.655
816,81.6,3.099,3.494,2.651,2.133,7.64,1.724,2.912,2.597
817,81.7,2.437,3.201,2.434,1.958,7.659,1.786,3.094,2.878
818,81.8,3.417,3.151,2.008,1.902,7.435,1.683,3.439,2.651
819,81.9,2.945,3.404,2.45,2.506,7.577,1.452,3.785,2.459
820,82,3.931,3.163,2.38,2.239,7.565,1.578,3.293,2.744
821,82.1,2.589,1.864,2.48,2.443,7.691,1.309,3.207,2.474
822,82.2,2.883,2.931,2.483,2.663,7.611,1.58,3.139,2.753
823,82.3,2.4,3.463,2.26,2.206,7.761,1.517,3.548,2.579
824,82.4,2.767,3.471,2.442,2.802,8.038,1.32,3.121,2.802
825,82.5,2.442,3.42,2.343,2.297,7.991,1.467,3.394,2.781
826,82.6,2.748,3.171,2.23,2.885,7.816,1.211,2.935,2.431
827,82.7,3.102,3.455,2.388,2.565,8.104,1.27,3.457,2.553
828,82.8,2.779,3.387,2.206,2.89,7.777,1.357,3.509,2.744
829,82.9,2.933,3.431,2.307,2.699,7.82,1.505,3.202,2.919
830,83,3.025,3.334,2.258,2.685,7.8,1.513,3.22,2.693
831,83.1,2.626,3.21,2.682,3.036,7.507,1.198,3.194,3.007
832,83.2,2.85,3.219,2.547,2.7,7.611,1.616,3.692,2.557
833,83.3,2.995,3.324,2.947,3.098,7.498,1.382,3.166,2.833
834,83.4,2.92,3.569,2.449,2.693,7.67,1.443,2.533,2.804
835,83.5,2.663,3.498,2.695,2.632,7.819,1.481,3.157,2.507
836,83.6,2.421,3.24,2.09,2.916,7.663,1.077,3.426,2.407
837,83.7,2.648,3.28,2.549,2.564,7.755,1.304,3.233,2.86
838,83.8,2.604,3.163,2.84,2.775,7.952,1.208,3.409,2.9
839,83.9,2.49,2.956,2.704,2.744,7.698,1.603,2.945,2.496
840,84,2.745,3.066,3.03,2.646,7.755,1.119,3.297,2.605
841,84.1,3.233,3.434,2.749,2.053,7.595,1.514,3.301,2.507
842,84.2,3.043,3.29,2.778,1.688,7.848,1.231,2.893,2.747
843,84.3,2.778,3.285,2.669,2.121,7.736,1.145,3.437,2.744
844,84.4,3.1,3.801,2.986,2.685,7.43,1.429,3.26,2.744
845,84.5,3.246,3.284,2.65,2.308,7.584,1.358,3.491,2.243
846,84.6,2.947,3.286,2.379,2.76,7.338,1.287,3.027,2.392
847,84.7,3.004,3.451,2.497,1.51,7.696,1.283,3.05,2.594
848,84.8,3.437,3.641,2.776,1.59,7.391,1.328,2.816,2.586
849,84.9,2.74,3.273,2.456,1.421,7.735,1.584,3.063,2.453
850,85,3.02,3.012,2.41,2.067,7.892,1.552,3.36,2.83
851,85.1,2.832,3.744,2.609,2.387,7.762,1.33,3.312,2.586
852,85.2,2.374,3.337,2.603,2.46,7.71,1.536,2.882,2.507
853,85.3,2.714,3.044,2.637,2.467,7.788,1.345,2.992,2.645
854,85.4,2.783,3.95,2.438,1.56,7.605,1.285,2.999,2.876
855,85.5,3.073,3.6,2.89,1.956,7.561,1.531,3.483,2.413
856,85.6,3.269,3.298,2.59,2.17,7.791,1.266,3.203,2.207
857,85.7,2.962,3.647,2.351,2.766,7.862,1.273,2.909,2.707
858,85.8,3.461,3.394,2.438,2.033,7.612,1.555,3.206,2.603
859,85.9,2.709,3.181,2.392,2.097,7.809,1.138,3.6,2.999
860,86,2.785,2.921,2.733,2.352,7.659,1.656,3.304,2.851
861,86.1,2.789,2.964,2.569,1.841,7.695,1.261,3.313,2.766
862,86.2,2.871,3.356,2.167,1.865,7.967,1.333,3.109,2.668
863,86.3,2.691,3.167,2.458,2.293,7.673,1.121,3.33,2.402
864,86.4,2.763,3.199,2.395,1.565,7.886,1.3,3.444,2.479
865,86.5,3.025,3.062,2.219,2.29,7.457,1.257,3.265,2.536
866,86.6,2.897,3.581,2.18,2.121,8.144,1.338,2.784,2.51
867,86.7,2.981,3.685,2.731,2.071,7.822,1.081,3.684,2.536
868,86.8,2.845,3.622,2.328,1.702,7.74,1.259,3.279,2.471
869,86.9,3.098,3.487,2.333,1.806,7.682,1.075,3.342,2.61
870,87,3.286,2.512,2.292,1.993,7.589,1.192,3.334,2.367
871,87.1,3.251,3.515,2.332,2.294,8.164,1.462,3.111,2.466
872,87.2,3.221,3.271,2.402,2.823,7.944,1.259,3.244,2.645
873,87.3,3.415,2.627,2.526,2.297,7.742,1.178,3.677,2.73
874,87.4,3.333,2.992,2.393,1.974,7.459,1.197,3.184,2.855
875,87.5,3.509,3.518,2.397,1.828,7.729,1.181,2.994,2.343
876,87.6,3.238,3.607,2.554,2.387,7.699,1.141,3.547,2.439
877,87.7,3.874,3.748,2.572,2.076,7.716,1.254,3.403,2.644
878,87.8,3.191,3.646,2.608,2.506,8.101,1.495,2.874,2.523
879,87.9,2.43,3.528,2.861,2.446,7.72,1.188,2.908,2.596
880,88,2.941,3.335,2.605,2.095,7.744,1.342,3.147,2.561
881,88.1,2.756,3.042,2.548,2.662,7.671,1.242,3.178,2.643
882,88.2,2.926,3.314,2.302,2.19,7.301,1.453,2.844,2.679
883,88.3,2.662,3.319,2.718,2.323,7.654,1.178,3.299,2.818
884,88.4,3.025,2.502,2.176,2.356,8.008,1.225,2.912,2.706
885,88.5,3.753,2.326,2.687,2.457,7.674,1.229,3.442,2.784
886,88.6,2.943,1.875,2.427,2.154,7.45,1.491,3.798,2.417
887,88.7,3.276,2.173,2.706,2.73,8.061,1.178,3.159,2.518
888,88.8,2.978,1.839,2.236,2.283,7.545,1.152,3.113,2.192
889,88.9,3.302,3.109,2.553,1.744,7.39,1.475,2.922,2.442
890,89,2.873,3.458,2.767,1.841,7.581,1.268,3.111,2.591
891,89.1,3.266,3.559,2.934,1.797,7.56,1.225,3.172,3.005
892,89.2,2.886,3.271,2.402,1.619,7.887,1.386,3.296,2.51
893,89.3,3.25,3.38,2.717,1.597,7.8,1.102,3.125,2.771
894,89.4,2.491,3.128,2.382,1.617,8.127,1.09,3.431,2.306
895,89.5,3.41,3.398,2.55,1.953,7.699,1.157,3.337,2.799
896,89.6,3.201,3.785,2.655,1.708,8.057,1.502,3.078,2.576
897,89.7,3.177,3.572,2.664,1.806,7.677,1.356,3.751,2.964
898,89.8,3.095,3.13,2.649,1.561,7.608,1.39,3.427,2.485
899,89.9,2.867,3.301,2.525,1.937,7.625,1.16,3.507,2.777
900,90,2.897,3.088,2.503,2.925,7.865,1.528,3.223,2.622
901,90.1,3.384,3.459,2.587,1.324,7.913,1.306,3.242,2.679
902,90.2,2.986,3.19,2.594,2.284,8.086,1.263,3.205,2.748
903,90.3,3.123,3.106,2.064,2.706,7.903,1.354,3.932,2.814
904,90.4,2.948,3.239,2.234,1.591,7.555,1.388,3.157,2.567
905,90.5,2.994,2.783,2.035,1.658,7.612,1.269,3.338,2.689
906,90.6,3.08,3.251,2.578,1.76,7.423,1.508,3.278,2.696
907,90.7,2.907,3.151,2.346,1.89,7.766,1.168,3.449,2.635
908,90.8,3.127,3.793,2.315,1.88,7.734,1.292,3.316,2.869
909,90.9,2.902,3.205,2.133,1.904,7.614,1.016,3.266,2.669
910,91,2.424,3.303,2.529,2.263,7.603,1.289,2.966,2.902
911,91.1,2.565,3.077,2.564,1.155,7.879,1.325,3.413,2.635
912,91.2,2.852,3.563,2.132,1.993,7.367,1.466,3.027,2.791
913,91.3,3.428,3.307,2.391,1.722,7.6,1.295,3.201,2.611
914,91.4,3.368,3.385,2.201,2.774,7.423,0.974,3.4,3.042
915,91.5,2.964,3.668,2.46,1.817,7.555,1.128,2.993,3.236
916,91.6,3.662,3.456,2.27,1.89,7.703,0.865,3.335,2.828
917,91.7,3.18,2.947,2.74,2.012,7.568,1.319,3.291,3.21
918,91.8,3.225,3.569,2.402,1.51,8.222,1.468,3.42,2.692
919,91.9,2.963,3.537,2.367,1.745,7.958,1.203,3.175,2.78
920,92,3.137,3.994,2.533,1.873,7.757,0.971,3.522,2.599
921,92.1,2.921,3.638,2.432,1.844,8.128,1.617,3.405,2.769
922,92.2,3.076,3.444,2.641,2.551,7.723,1.275,3.073,2.913
923,92.3,3.024,3.4,2.189,1.745,7.885,1.44,3.609,2.864
924,92.4,3.247,3.288,2.355,1.863,8.077,1.651,3.619,2.634
925,92.5,3.162,3.769,2.367,2.164,7.823,1.448,3.214,2.967
926,92.6,3.07,3.539,2.131,1.816,7.47,1.458,3.521,2.767
927,92.7,2.95,3.292,2.33,1.918,7.991,1.057,3.681,2.509
928,92.8,3.134,3.63,2.567,1.946,7.728,1.162,3.565,2.614
929,92.9,2.942,3.502,2.028,1.899,7.852,1.315,3.109,2.366
930,93,2.896,3.272,2.426,1.697,7.607,1.308,2.904,2.944
931,93.1,3.095,3.972,2.111,1.55,7.651,1.181,3.034,2.84
932,93.2,2.794,4.11,1.987,1.224,7.542,1.181,3.484,2.723
933,93.3,3.233,3.568,2.086,1.437,7.797,1.362,3.337,2.499
934,93.4,2.625,3.378,2.191,1.741,7.521,1.043,3.652,2.817
935,93.5,3.067,3.358,2.797,1.883,7.739,2.199,3.478,2.957
936,93.6,3.261,3.346,2.209,1.882,7.602,1.33,3.217,2.578
937,93.7,3.296,3.505,2.408,2.14,7.728,1.382,3.331,2.761
938,93.8,2.954,3.199,2.026,1.447,7.588,1.2,3.575,2.782
939,93.9,3.294,3.312,1.91,1.865,7.674,1.419,2.745,2.836
940,94,3.208,3.55,2.259,1.219,7.751,1.424,2.995,2.911
941,94.1,3.013,3.211,2.113,1.534,8.177,1.176,3.321,3.09
942,94.2,3.507,3.346,2.008,1.372,7.924,1.175,3.162,2.79
943,94.3,3.186,3.627,2.018,1.465,7.727,1.076,2.973,2.773
944,94.4,3.216,3.45,2.027,1.468,7.979,1.111,3.085,3.043
945,94.5,3.326,3.893,2.294,2.4,7.941,1.496,2.96,2.729
946,94.6,3.359,3.029,2.654,1.706,8.06,1.741,2.972,2.619
947,94.7,3.475,3.545,2.415,1.106,7.913,1.439,3.114,2.573
948,94.8,3.066,3.668,2.181,1.509,7.89,1.56,3.209,2.295
949,94.9,3.646,3.491,2.633,1.556,7.909,1.489,3.227,2.713
950,95,2.981,3.236,2.073,1.668,7.704,1.377,3.507,2.559
951,95.1,3.103,3.467,2.259,1.615,7.715,1.28,3.371,2.535
952,95.2,3.369,3.241,2.311,1.637,7.815,1.168,3.043,2.175
953,95.3,3.437,3.608,2.643,1.529,7.72,1.388,3.735,2.91
954,95.4,3.274,4.048,2.564,2.778,7.819,1.433,3.009,2.904
955,95.5,3.312,3.507,2.845,2.056,7.576,1.6,3.311,2.411
956,95.6,3.306,3.247,2.669,2.274,7.764,1.09,3.236,2.733
957,95.7,3.181,3.526,2.213,1.641,7.881,1.346,3.071,2.19
958,95.8,3.377,3.329,2.106,2.158,7.899,1.417,3.587,2.397
959,95.9,3.391,3.031,2.266,1.579,7.641,1.213,2.937,2.272
960,96,3.186,3.662,2.398,1.459,7.841,1.374,3.48,2.426
961,96.1,3.249,3.785,2.58,1.999,7.808,1.198,3.266,2.486
962,96.2,3.476,3.549,2.318,1.591,7.845,1.571,3.152,2.751
963,96.3,3.352,4.041,2.358,1.411,7.655,1.241,3.1,2.681
964,96.4,3.019,4.166,1.734,1.561,7.581,1.247,3.014,2.414
965,96.5,3.117,3.195,2.012,1.875,7.64,1.378,2.939,2.669
966,96.6,2.777,3.948,1.875,2.864,8.066,1.187,3.223,3.066
967,96.7,2.691,3.459,2.046,2.064,7.703,1.328,3.42,2.928
968,96.8,3.012,3.622,2.281,2.111,8.095,1.501,3.068,2.807
969,96.9,3.311,3.582,2.032,2.01,7.673,1.208,3.271,2.918
970,97,3.416,3.293,2.369,1.569,7.694,1.395,2.714,2.321
971,97.1,2.946,4.399,2.167,1.953,7.847,1.458,3.073,2.524
972,97.2,3.76,3.263,2.286,1.778,7.86,1.061,2.701,2.661
973,97.3,2.87,3.733,2.473,2.451,7.797,1.316,3.022,2.516
974,97.4,2.871,3.358,2.223,1.948,7.754,1.638,2.885,2.837
975,97.5,3.141,3.864,2.976,1.899,7.893,1.332,3.176,2.466
976,97.6,3.116,3.727,2.802,2.304,7.796,1.42,3.322,2.305
977,97.7,2.879,3.627,2.603,1.773,7.599,1.664,3.359,3.122
978,97.8,3.012,3.795,2.348,2.183,7.924,1.922,3.224,2.428
979,97.9,3.387,3.675,2.193,2.251,7.777,1.262,3.263,2.837
980,98,3.427,3.114,2.716,2.024,7.382,1.446,2.914,2.343
981,98.1,3.04,2.911,2.523,1.761,7.801,1.74,3.082,2.777
982,98.2,2.907,3.571,2.627,2.178,7.413,1.156,2.792,2.948
983,98.3,3.17,3.774,2.472,2.155,7.528,1.232,3.324,3.131
984,98.4,3.437,3.482,3.203,1.746,7.729,1.322,3.217,2.561
985,98.5,3.264,3.337,2.803,2.311,7.304,1.337,3.351,3.048
986,98.6,3.125,4.108,2.899,2.149,7.48,1.782,3.487,3.127
987,98.7,3.098,2.949,2.677,2.395,7.557,1.42,3.215,3.121
988,98.8,3.638,3.168,2.534,2.236,8.208,1.204,2.91,3.705
989,98.9,3.205,3.463,2.96,2.194,7.592,1.136,2.787,3.489
990,99,3.108,3.573,2.521,2.235,7.628,1.306,2.354,3.792
991,99.1,3.053,3.281,2.728,2.482,7.936,1.272,2.31,2.917
992,99.2,2.968,3.139,3.108,2.342,7.64,1.226,2.152,2.607
993,99.3,3.181,3.116,2.666,2.02,7.708,0.821,3.3,2.794
994,99.4,3.26,3.232,3.032,2.281,7.671,1.12,3.164,2.707
995,99.5,3.891,3.643,2.78,2.04,7.827,1.404,3.408,2.606
996,99.6,2.835,3.257,2.601,1.782,8.385,1.535,3.235,2.679
997,99.7,3.277,3.13,2.731,1.727,7.66,1.434,2.241,3.037
998,99.8,3.386,3.375,2.506,2.388,7.573,1.141,2.452,2.774
999,99.9,2.891,3.328,2.544,2.207,7.462,1.429,2.602,3.052
1000,100,2.991,3.668,2.787,2.068,7.547,1.325,3.014,2.885
